Source path,Class name,Method name,Method signature,Cyclomatic complexity,Cognitive complexity,Max nesting depth,Line count,Parameter count,ABC score,Assignments,Branches,Conditions,Halstead volume,Halstead difficulty,Halstead estimated bugs
src/integTest/java/io/moderne/devcenter/EcmaScriptModernizationTest.java,io.moderne.devcenter.EcmaScriptModernizationTest,after,"io.moderne.devcenter.EcmaScriptModernizationTest{name=after,return=void,parameters=[]}",1,0,0,4,0,1.0,0,1,0,4.75,0.5,0.0
src/integTest/java/io/moderne/devcenter/EcmaScriptModernizationTest.java,io.moderne.devcenter.EcmaScriptModernizationTest,defaults,"io.moderne.devcenter.EcmaScriptModernizationTest{name=defaults,return=void,parameters=[org.openrewrite.test.RecipeSpec]}",1,0,0,4,1,1.0,0,1,0,6.34,0.75,0.0
src/integTest/java/io/moderne/devcenter/EcmaScriptModernizationTest.java,io.moderne.devcenter.EcmaScriptModernizationTest,expect,"io.moderne.devcenter.EcmaScriptModernizationTest{name=expect,return=void,parameters=[org.openrewrite.test.RecipeSpec,io.moderne.devcenter.EcmaScriptModernization$Measure,java.lang.String]}",1,0,0,6,3,6.0,0,6,0,109.81,4.5,0.02
src/integTest/java/io/moderne/devcenter/EcmaScriptModernizationTest.java,io.moderne.devcenter.EcmaScriptModernizationTest,mostlyVarInModule,"io.moderne.devcenter.EcmaScriptModernizationTest{name=mostlyVarInModule,return=void,parameters=[]}",1,0,0,16,0,4.0,0,4,0,68.53,3.33,0.01
src/integTest/java/io/moderne/devcenter/EcmaScriptModernizationTest.java,io.moderne.devcenter.EcmaScriptModernizationTest,topLevelVarInScriptIsNotCounted,"io.moderne.devcenter.EcmaScriptModernizationTest{name=topLevelVarInScriptIsNotCounted,return=void,parameters=[]}",1,0,0,19,0,4.0,0,4,0,68.53,3.33,0.01
src/integTest/java/io/moderne/devcenter/EcmaScriptModernizationTest.java,io.moderne.devcenter.EcmaScriptModernizationTest,topLevelVarInCommonJsModuleIsCounted,"io.moderne.devcenter.EcmaScriptModernizationTest{name=topLevelVarInCommonJsModuleIsCounted,return=void,parameters=[]}",1,0,0,13,0,4.0,0,4,0,68.53,3.33,0.01
src/integTest/java/io/moderne/devcenter/EcmaScriptModernizationTest.java,io.moderne.devcenter.EcmaScriptModernizationTest,varInNestedFunctionsOfScriptIsCounted,"io.moderne.devcenter.EcmaScriptModernizationTest{name=varInNestedFunctionsOfScriptIsCounted,return=void,parameters=[]}",1,0,0,19,0,4.0,0,4,0,68.53,3.33,0.01
src/integTest/java/io/moderne/devcenter/EcmaScriptModernizationTest.java,io.moderne.devcenter.EcmaScriptModernizationTest,littleVar,"io.moderne.devcenter.EcmaScriptModernizationTest{name=littleVar,return=void,parameters=[]}",1,0,0,26,0,4.0,0,4,0,68.53,3.33,0.01
src/integTest/java/io/moderne/devcenter/EcmaScriptModernizationTest.java,io.moderne.devcenter.EcmaScriptModernizationTest,completedWithOnlyLetAndConst,"io.moderne.devcenter.EcmaScriptModernizationTest{name=completedWithOnlyLetAndConst,return=void,parameters=[]}",1,0,0,13,0,4.0,0,4,0,68.53,3.33,0.01
src/integTest/java/io/moderne/devcenter/EcmaScriptModernizationTest.java,io.moderne.devcenter.EcmaScriptModernizationTest,exportedAndAmbientVarIsNotCounted,"io.moderne.devcenter.EcmaScriptModernizationTest{name=exportedAndAmbientVarIsNotCounted,return=void,parameters=[]}",1,0,0,17,0,4.0,0,4,0,68.53,3.33,0.01
src/integTest/java/io/moderne/devcenter/EcmaScriptModernizationTest.java,io.moderne.devcenter.EcmaScriptModernizationTest,declarationFilesAreSkipped,"io.moderne.devcenter.EcmaScriptModernizationTest{name=declarationFilesAreSkipped,return=void,parameters=[]}",1,0,0,17,0,6.0,0,6,0,108.0,4.09,0.02
src/integTest/java/io/moderne/devcenter/EcmaScriptModernizationTest.java,io.moderne.devcenter.EcmaScriptModernizationTest,vendoredAndBundledFilesAreSkipped,"io.moderne.devcenter.EcmaScriptModernizationTest{name=vendoredAndBundledFilesAreSkipped,return=void,parameters=[]}",1,0,0,26,0,8.0,0,8,0,150.12,4.62,0.03
src/integTest/java/io/moderne/devcenter/EcmaScriptModernizationTest.java,io.moderne.devcenter.EcmaScriptModernizationTest,noRowWithoutVariableDeclarations,"io.moderne.devcenter.EcmaScriptModernizationTest{name=noRowWithoutVariableDeclarations,return=void,parameters=[]}",1,0,0,10,0,7.0,0,7,0,118.59,5.23,0.02
src/main/java/io/moderne/devcenter/AggregationFunction.java,io.moderne.devcenter.AggregationFunction$1,apply,"io.moderne.devcenter.AggregationFunction$1{name=apply,return=java.lang.Double,parameters=[java.util.List<Generic{?}>]}",1,0,0,8,1,6.0,0,6,0,86.44,3.5,0.02
src/main/java/io/moderne/devcenter/AggregationFunction.java,io.moderne.devcenter.AggregationFunction$2,apply,"io.moderne.devcenter.AggregationFunction$2{name=apply,return=java.lang.Double,parameters=[java.util.List<Generic{?}>]}",1,0,0,8,1,6.0,0,6,0,86.44,3.5,0.02
src/main/java/io/moderne/devcenter/AggregationFunction.java,io.moderne.devcenter.AggregationFunction$3,apply,"io.moderne.devcenter.AggregationFunction$3{name=apply,return=java.lang.Double,parameters=[java.util.List<Generic{?}>]}",1,0,0,8,1,5.0,0,5,0,80.71,3.0,0.01
src/main/java/io/moderne/devcenter/AggregationFunction.java,io.moderne.devcenter.AggregationFunction$4,apply,"io.moderne.devcenter.AggregationFunction$4{name=apply,return=java.lang.Double,parameters=[java.util.List<Generic{?}>]}",2,1,0,9,1,7.14,1,7,1,144.22,5.56,0.03
src/main/java/io/moderne/devcenter/AggregationFunction.java,io.moderne.devcenter.AggregationFunction$5,apply,"io.moderne.devcenter.AggregationFunction$5{name=apply,return=java.lang.Double,parameters=[java.util.List<Generic{?}>]}",1,0,0,4,1,1.0,0,1,0,11.61,1.5,0.0
src/main/java/io/moderne/devcenter/AggregationFunction.java,io.moderne.devcenter.AggregationFunction$6,apply,"io.moderne.devcenter.AggregationFunction$6{name=apply,return=java.lang.Double,parameters=[java.util.List<Generic{?}>]}",1,0,0,7,1,4.0,0,4,0,48.11,3.0,0.01
src/main/java/io/moderne/devcenter/AggregationFunction.java,io.moderne.devcenter.AggregationFunction,fromString,"io.moderne.devcenter.AggregationFunction{name=fromString,return=io.moderne.devcenter.AggregationFunction,parameters=[java.lang.String]}",3,3,2,10,1,4.0,0,4,0,91.74,6.0,0.02
src/main/java/io/moderne/devcenter/AggregationFunction.java,io.moderne.devcenter.AggregationFunction,toDouble,"io.moderne.devcenter.AggregationFunction{name=toDouble,return=java.lang.Double,parameters=[java.lang.Object]}",4,4,2,13,1,2.0,0,2,0,118.54,6.67,0.03
src/main/java/io/moderne/devcenter/AngularVersionUpgrade.java,io.moderne.devcenter.AngularVersionUpgrade,getInstanceName,"io.moderne.devcenter.AngularVersionUpgrade{name=getInstanceName,return=java.lang.String,parameters=[]}",1,0,0,4,0,0.0,0,0,0,8.0,1.0,0.0
src/main/java/io/moderne/devcenter/AngularVersionUpgrade.java,io.moderne.devcenter.AngularVersionUpgrade,getVisitor,"io.moderne.devcenter.AngularVersionUpgrade{name=getVisitor,return=org.openrewrite.TreeVisitor<Generic{?}, org.openrewrite.ExecutionContext>,parameters=[]}",3,4,2,19,0,8.12,1,8,1,290.7,10.64,0.07
src/main/java/io/moderne/devcenter/AngularVersionUpgrade.java,io.moderne.devcenter.AngularVersionUpgrade,findAngularCoreMajor,"io.moderne.devcenter.AngularVersionUpgrade{name=findAngularCoreMajor,return=int,parameters=[org.openrewrite.javascript.marker.NodeResolutionResult]}",4,4,2,16,1,8.19,3,7,3,183.4,8.57,0.05
src/main/java/io/moderne/devcenter/AngularVersionUpgrade.java,io.moderne.devcenter.AngularVersionUpgrade,findInScope,"io.moderne.devcenter.AngularVersionUpgrade{name=findInScope,return=int,parameters=[java.util.List<org.openrewrite.javascript.marker.NodeResolutionResult$Dependency>]}",4,6,3,11,1,4.24,1,4,1,106.2,5.45,0.02
src/main/java/io/moderne/devcenter/AngularVersionUpgrade.java,io.moderne.devcenter.AngularVersionUpgrade,parseMajorVersion,"io.moderne.devcenter.AngularVersionUpgrade{name=parseMajorVersion,return=int,parameters=[java.lang.String]}",3,2,1,7,1,4.24,1,4,1,108.05,5.33,0.02
src/main/java/io/moderne/devcenter/AngularVersionUpgrade.java,io.moderne.devcenter.AngularVersionUpgrade,bucketFor,"io.moderne.devcenter.AngularVersionUpgrade{name=bucketFor,return=io.moderne.devcenter.AngularVersionUpgrade$Measure,parameters=[int,int]}",5,4,1,16,2,4.12,1,0,4,145.95,4.04,0.02
src/main/java/io/moderne/devcenter/AngularVersionUpgrade.java,io.moderne.devcenter.AngularVersionUpgrade,getMeasures,"io.moderne.devcenter.AngularVersionUpgrade{name=getMeasures,return=java.util.List<io.moderne.devcenter.DevCenterMeasure>,parameters=[]}",1,0,0,7,0,5.2,1,5,1,101.02,5.25,0.02
src/main/java/io/moderne/devcenter/AngularVersionUpgrade.java,io.moderne.devcenter.AngularVersionUpgrade,getFixRecipeId,"io.moderne.devcenter.AngularVersionUpgrade{name=getFixRecipeId,return=java.lang.String,parameters=[]}",1,0,0,4,0,0.0,0,0,0,2.0,0.5,0.0
src/main/java/io/moderne/devcenter/Bucket.java,io.moderne.devcenter.Bucket,Bucket,"io.moderne.devcenter.Bucket{name=<constructor>,return=io.moderne.devcenter.Bucket,parameters=[java.lang.String,java.lang.Number]}",1,0,0,6,2,2.0,2,0,0,9.51,1.0,0.0
src/main/java/io/moderne/devcenter/Bucket.java,io.moderne.devcenter.Bucket,match,"io.moderne.devcenter.Bucket{name=match,return=io.moderne.devcenter.Bucket,parameters=[double,io.moderne.devcenter.Bucket[]]}",5,6,2,13,2,5.83,3,4,3,151.27,12.83,0.05
src/main/java/io/moderne/devcenter/BucketedMetricCard.java,io.moderne.devcenter.BucketedMetricCard,getInstanceName,"io.moderne.devcenter.BucketedMetricCard{name=getInstanceName,return=java.lang.String,parameters=[]}",1,0,0,4,0,0.0,0,0,0,2.0,0.5,0.0
src/main/java/io/moderne/devcenter/BucketedMetricCard.java,io.moderne.devcenter.BucketedMetricCard,causesAnotherCycle,"io.moderne.devcenter.BucketedMetricCard{name=causesAnotherCycle,return=boolean,parameters=[]}",1,0,0,4,0,0.0,0,0,0,2.0,0.5,0.0
src/main/java/io/moderne/devcenter/BucketedMetricCard.java,io.moderne.devcenter.BucketedMetricCard,getFixRecipeId,"io.moderne.devcenter.BucketedMetricCard{name=getFixRecipeId,return=java.lang.String,parameters=[]}",1,0,0,4,0,0.0,0,0,0,2.0,0.5,0.0
src/main/java/io/moderne/devcenter/BucketedMetricCard.java,io.moderne.devcenter.BucketedMetricCard,getMeasures,"io.moderne.devcenter.BucketedMetricCard{name=getMeasures,return=java.util.List<io.moderne.devcenter.DevCenterMeasure>,parameters=[]}",2,1,1,8,0,4.58,2,4,1,116.76,6.36,0.03
src/main/java/io/moderne/devcenter/BucketedMetricCard.java,io.moderne.devcenter.BucketedMetricCard,ordinal,"io.moderne.devcenter.BucketedMetricCard{name=ordinal,return=int,parameters=[io.moderne.devcenter.DevCenterMeasure]}",2,1,1,7,1,2.0,0,2,0,46.51,5.25,0.01
src/main/java/io/moderne/devcenter/BucketedMetricCard.java,io.moderne.devcenter.BucketedMetricCard,getVisitor,"io.moderne.devcenter.BucketedMetricCard{name=getVisitor,return=org.openrewrite.TreeVisitor<Generic{?}, org.openrewrite.ExecutionContext>,parameters=[]}",5,4,1,36,0,17.23,5,16,4,633.59,15.76,0.15
src/main/java/io/moderne/devcenter/BucketedMetricCard.java,io.moderne.devcenter.BucketedMetricCard,collectRows,"io.moderne.devcenter.BucketedMetricCard{name=collectRows,return=java.util.List<java.lang.Object>,parameters=[org.openrewrite.ExecutionContext]}",3,3,2,12,1,11.4,3,11,0,270.89,11.26,0.07
src/main/java/io/moderne/devcenter/BucketedMetricCard.java,io.moderne.devcenter.BucketedMetricCard,extractColumnValues,"io.moderne.devcenter.BucketedMetricCard{name=extractColumnValues,return=java.util.List<java.lang.Object>,parameters=[java.util.List<java.lang.Object>]}",2,1,1,7,1,4.12,1,4,0,78.14,4.67,0.02
src/main/java/io/moderne/devcenter/BucketedMetricCard.java,io.moderne.devcenter.BucketedMetricCard,extractRawValue,"io.moderne.devcenter.BucketedMetricCard{name=extractRawValue,return=java.lang.Object,parameters=[java.lang.Object]}",7,9,2,17,1,10.05,2,9,4,322.41,17.58,0.11
src/main/java/io/moderne/devcenter/BucketedMetricCard.java,io.moderne.devcenter.BucketedMetricCard,indexOf,"io.moderne.devcenter.BucketedMetricCard{name=indexOf,return=int,parameters=[io.moderne.devcenter.Bucket]}",3,3,2,8,1,2.24,1,0,2,64.53,5.5,0.02
src/main/java/io/moderne/devcenter/BucketedMetricCard.java,io.moderne.devcenter.BucketedMetricCard$BucketMeasure,ordinal,"io.moderne.devcenter.BucketedMetricCard$BucketMeasure{name=ordinal,return=int,parameters=[]}",1,0,0,4,0,0.0,0,0,0,2.0,0.5,0.0
src/main/java/io/moderne/devcenter/BucketedMetricCard.java,io.moderne.devcenter.BucketedMetricCard$BucketMeasure,getDescription,"io.moderne.devcenter.BucketedMetricCard$BucketMeasure{name=getDescription,return=java.lang.String,parameters=[]}",1,0,0,5,0,0.0,0,0,0,13.93,1.0,0.0
src/main/java/io/moderne/devcenter/BuildToolCard.java,io.moderne.devcenter.BuildToolCard,getInstanceName,"io.moderne.devcenter.BuildToolCard{name=getInstanceName,return=java.lang.String,parameters=[]}",1,0,0,4,0,1.0,0,1,0,4.75,1.0,0.0
src/main/java/io/moderne/devcenter/BuildToolCard.java,io.moderne.devcenter.BuildToolCard,getVisitor,"io.moderne.devcenter.BuildToolCard{name=getVisitor,return=org.openrewrite.TreeVisitor<Generic{?}, org.openrewrite.ExecutionContext>,parameters=[]}",3,4,2,17,0,11.05,1,11,0,300.02,10.11,0.07
src/main/java/io/moderne/devcenter/BuildToolCard.java,io.moderne.devcenter.BuildToolCard,getMeasures,"io.moderne.devcenter.BuildToolCard{name=getMeasures,return=java.util.List<io.moderne.devcenter.DevCenterMeasure>,parameters=[]}",1,0,0,4,0,2.0,0,2,0,19.65,1.5,0.0
src/main/java/io/moderne/devcenter/CSharpVersionUpgrade.java,io.moderne.devcenter.CSharpVersionUpgrade,getInstanceName,"io.moderne.devcenter.CSharpVersionUpgrade{name=getInstanceName,return=java.lang.String,parameters=[]}",1,0,0,4,0,0.0,0,0,0,8.0,1.0,0.0
src/main/java/io/moderne/devcenter/CSharpVersionUpgrade.java,io.moderne.devcenter.CSharpVersionUpgrade,getVisitor,"io.moderne.devcenter.CSharpVersionUpgrade{name=getVisitor,return=org.openrewrite.TreeVisitor<Generic{?}, org.openrewrite.ExecutionContext>,parameters=[]}",10,38,5,47,0,19.75,13,10,11,907.13,20.79,0.24
src/main/java/io/moderne/devcenter/CSharpVersionUpgrade.java,io.moderne.devcenter.CSharpVersionUpgrade,parseMajorVersion,"io.moderne.devcenter.CSharpVersionUpgrade{name=parseMajorVersion,return=int,parameters=[java.lang.String]}",6,5,1,19,1,11.22,2,11,1,281.76,10.69,0.07
src/main/java/io/moderne/devcenter/CSharpVersionUpgrade.java,io.moderne.devcenter.CSharpVersionUpgrade,getMeasures,"io.moderne.devcenter.CSharpVersionUpgrade{name=getMeasures,return=java.util.List<io.moderne.devcenter.DevCenterMeasure>,parameters=[]}",1,0,0,6,0,5.1,0,5,1,79.23,4.4,0.02
src/main/java/io/moderne/devcenter/CSharpVersionUpgrade.java,io.moderne.devcenter.CSharpVersionUpgrade,getFixRecipeId,"io.moderne.devcenter.CSharpVersionUpgrade{name=getFixRecipeId,return=java.lang.String,parameters=[]}",1,0,0,4,0,0.0,0,0,0,2.0,0.5,0.0
src/main/java/io/moderne/devcenter/DependencyVulnerabilityCheck.java,io.moderne.devcenter.DependencyVulnerabilityCheck,getInstanceNameSuffix,"io.moderne.devcenter.DependencyVulnerabilityCheck{name=getInstanceNameSuffix,return=java.lang.String,parameters=[]}",1,0,0,4,0,1.0,0,1,0,15.51,1.0,0.0
src/main/java/io/moderne/devcenter/DependencyVulnerabilityCheck.java,io.moderne.devcenter.DependencyVulnerabilityCheck,getVisitor,"io.moderne.devcenter.DependencyVulnerabilityCheck{name=getVisitor,return=org.openrewrite.TreeVisitor<Generic{?}, org.openrewrite.ExecutionContext>,parameters=[]}",18,34,4,66,0,43.98,2,43,9,1861.61,49.89,0.68
src/main/java/io/moderne/devcenter/DependencyVulnerabilityCheck.java,io.moderne.devcenter.DependencyVulnerabilityCheck,getFixRecipeId,"io.moderne.devcenter.DependencyVulnerabilityCheck{name=getFixRecipeId,return=java.lang.String,parameters=[]}",1,0,0,4,0,0.0,0,0,0,2.0,0.5,0.0
src/main/java/io/moderne/devcenter/DependencyVulnerabilityCheck.java,io.moderne.devcenter.DependencyVulnerabilityCheck,getMeasures,"io.moderne.devcenter.DependencyVulnerabilityCheck{name=getMeasures,return=java.util.List<io.moderne.devcenter.DevCenterMeasure>,parameters=[]}",6,6,2,16,0,15.13,0,15,2,317.8,12.89,0.09
src/main/java/io/moderne/devcenter/DependencyVulnerabilityCheck.java,io.moderne.devcenter.DependencyVulnerabilityCheck$UpgradeDeltaMeasure,ofVersions,"io.moderne.devcenter.DependencyVulnerabilityCheck$UpgradeDeltaMeasure{name=ofVersions,return=io.moderne.devcenter.DependencyVulnerabilityCheck$UpgradeDeltaMeasure,parameters=[java.lang.String,java.lang.String]}",9,9,3,17,2,8.37,3,5,6,361.21,17.76,0.12
src/main/java/io/moderne/devcenter/DependencyVulnerabilityCheck.java,io.moderne.devcenter.DependencyVulnerabilityCheck$SeverityMeasure,ofSeverity,"io.moderne.devcenter.DependencyVulnerabilityCheck$SeverityMeasure{name=ofSeverity,return=io.moderne.devcenter.DependencyVulnerabilityCheck$SeverityMeasure,parameters=[java.lang.String]}",1,0,0,6,1,7.0,0,7,0,96.63,4.88,0.02
src/main/java/io/moderne/devcenter/DependencyVulnerabilityCheck.java,io.moderne.devcenter.DependencyVulnerabilityCheck$EPSSMeasure,ofScore,"io.moderne.devcenter.DependencyVulnerabilityCheck$EPSSMeasure{name=ofScore,return=io.moderne.devcenter.DependencyVulnerabilityCheck$EPSSMeasure,parameters=[java.lang.Double]}",5,4,1,15,1,4.0,0,0,4,98.99,2.6,0.01
src/main/java/io/moderne/devcenter/DevCenter.java,io.moderne.devcenter.DevCenter,isDevCenter,"io.moderne.devcenter.DevCenter{name=isDevCenter,return=boolean,parameters=[org.openrewrite.config.RecipeDescriptor]}",7,10,3,16,1,12.0,0,12,0,260.0,9.3,0.06
src/main/java/io/moderne/devcenter/DevCenter.java,io.moderne.devcenter.DevCenter,validate,"io.moderne.devcenter.DevCenter{name=validate,return=void,parameters=[]}",9,9,2,28,0,20.62,4,20,3,598.25,20.25,0.18
src/main/java/io/moderne/devcenter/DevCenter.java,io.moderne.devcenter.DevCenter,getUpgradesAndMigrations,"io.moderne.devcenter.DevCenter{name=getUpgradesAndMigrations,return=java.util.List<io.moderne.devcenter.DevCenter$Card>,parameters=[]}",2,1,1,6,0,2.45,1,2,1,44.97,4.2,0.01
src/main/java/io/moderne/devcenter/DevCenter.java,io.moderne.devcenter.DevCenter,getSecurity,"io.moderne.devcenter.DevCenter{name=getSecurity,return=io.moderne.devcenter.DevCenter$Card,parameters=[]}",3,3,1,8,0,6.4,2,6,1,127.38,6.75,0.03
src/main/java/io/moderne/devcenter/DevCenter.java,io.moderne.devcenter.DevCenter,getCards,"io.moderne.devcenter.DevCenter{name=getCards,return=java.util.List<io.moderne.devcenter.DevCenter$Card>,parameters=[]}",2,1,1,8,0,5.48,2,5,1,95.91,6.0,0.02
src/main/java/io/moderne/devcenter/DevCenter.java,io.moderne.devcenter.DevCenter,getCard,"io.moderne.devcenter.DevCenter{name=getCard,return=io.moderne.devcenter.DevCenter$Card,parameters=[java.lang.String]}",3,3,2,8,1,4.0,0,4,0,81.75,6.19,0.02
src/main/java/io/moderne/devcenter/DevCenter.java,io.moderne.devcenter.DevCenter,getSpec,"io.moderne.devcenter.DevCenter{name=getSpec,return=java.lang.String,parameters=[]}",4,3,1,19,0,13.38,3,13,1,348.24,11.67,0.08
src/main/java/io/moderne/devcenter/DevCenter.java,io.moderne.devcenter.DevCenter,cardToSpec,"io.moderne.devcenter.DevCenter{name=cardToSpec,return=java.util.Map<java.lang.String, java.lang.Object>,parameters=[io.moderne.devcenter.DevCenter$Card]}",2,1,1,11,1,10.2,2,10,0,209.22,6.74,0.04
src/main/java/io/moderne/devcenter/DevCenter.java,io.moderne.devcenter.DevCenter,getUpgradesAndMigrationsRecursive,"io.moderne.devcenter.DevCenter{name=getUpgradesAndMigrationsRecursive,return=java.util.List<io.moderne.devcenter.DevCenter$Card>,parameters=[org.openrewrite.Recipe,java.util.List<io.moderne.devcenter.DevCenter$Card>]}",5,4,2,27,2,15.03,1,15,0,414.09,14.55,0.11
src/main/java/io/moderne/devcenter/DevCenter.java,io.moderne.devcenter.DevCenter,getSecurityRecursive,"io.moderne.devcenter.DevCenter{name=getSecurityRecursive,return=java.util.List<io.moderne.devcenter.DevCenter$Card>,parameters=[org.openrewrite.Recipe,java.util.List<io.moderne.devcenter.DevCenter$Card>]}",7,14,4,48,2,25.73,6,25,1,759.13,27.89,0.26
src/main/java/io/moderne/devcenter/DevCenterValidationException.java,io.moderne.devcenter.DevCenterValidationException,DevCenterValidationException,"io.moderne.devcenter.DevCenterValidationException{name=<constructor>,return=io.moderne.devcenter.DevCenterValidationException,parameters=[java.util.List<java.lang.String>]}",1,0,0,6,1,5.1,1,5,0,85.84,5.33,0.02
src/main/java/io/moderne/devcenter/EcmaScriptModernization.java,io.moderne.devcenter.EcmaScriptModernization,getInstanceName,"io.moderne.devcenter.EcmaScriptModernization{name=getInstanceName,return=java.lang.String,parameters=[]}",1,0,0,4,0,0.0,0,0,0,2.0,0.5,0.0
src/main/java/io/moderne/devcenter/EcmaScriptModernization.java,io.moderne.devcenter.EcmaScriptModernization,getVisitor,"io.moderne.devcenter.EcmaScriptModernization{name=getVisitor,return=org.openrewrite.TreeVisitor<Generic{?}, org.openrewrite.ExecutionContext>,parameters=[]}",2,1,0,19,0,14.07,1,14,1,396.53,13.44,0.1
src/main/java/io/moderne/devcenter/EcmaScriptModernization.java,io.moderne.devcenter.EcmaScriptModernization,onComplete,"io.moderne.devcenter.EcmaScriptModernization{name=onComplete,return=void,parameters=[org.openrewrite.ExecutionContext]}",3,2,1,10,1,8.77,3,8,2,245.0,11.63,0.07
src/main/java/io/moderne/devcenter/EcmaScriptModernization.java,io.moderne.devcenter.EcmaScriptModernization,getFixRecipeId,"io.moderne.devcenter.EcmaScriptModernization{name=getFixRecipeId,return=java.lang.String,parameters=[]}",1,0,0,4,0,0.0,0,0,0,2.0,0.5,0.0
src/main/java/io/moderne/devcenter/EcmaScriptModernization.java,io.moderne.devcenter.EcmaScriptModernization,getMeasures,"io.moderne.devcenter.EcmaScriptModernization{name=getMeasures,return=java.util.List<io.moderne.devcenter.DevCenterMeasure>,parameters=[]}",1,0,0,4,0,2.0,0,2,0,19.65,1.5,0.0
src/main/java/io/moderne/devcenter/EcmaScriptModernization.java,io.moderne.devcenter.EcmaScriptModernization$Measure,of,"io.moderne.devcenter.EcmaScriptModernization$Measure{name=of,return=io.moderne.devcenter.EcmaScriptModernization$Measure,parameters=[long,long]}",4,3,1,12,2,3.0,0,0,3,93.77,4.0,0.02
src/main/java/io/moderne/devcenter/EcmaScriptModernization.java,io.moderne.devcenter.EcmaScriptModernization$DeclarationCounter,visitVariableDeclarations,"io.moderne.devcenter.EcmaScriptModernization$DeclarationCounter{name=visitVariableDeclarations,return=org.openrewrite.java.tree.J$VariableDeclarations,parameters=[org.openrewrite.java.tree.J$VariableDeclarations,io.moderne.devcenter.EcmaScriptModernization$Declarations]}",1,0,0,5,2,3.0,0,3,0,34.87,2.8,0.01
src/main/java/io/moderne/devcenter/EcmaScriptModernization.java,io.moderne.devcenter.EcmaScriptModernization$DeclarationCounter,visitScopedVariableDeclarations,"io.moderne.devcenter.EcmaScriptModernization$DeclarationCounter{name=visitScopedVariableDeclarations,return=org.openrewrite.javascript.tree.JS$ScopedVariableDeclarations,parameters=[org.openrewrite.javascript.tree.JS$ScopedVariableDeclarations,io.moderne.devcenter.EcmaScriptModernization$Declarations]}",1,0,0,5,2,3.0,0,3,0,34.87,2.8,0.01
src/main/java/io/moderne/devcenter/EcmaScriptModernization.java,io.moderne.devcenter.EcmaScriptModernization$DeclarationCounter,count,"io.moderne.devcenter.EcmaScriptModernization$DeclarationCounter{name=count,return=void,parameters=[java.util.List<org.openrewrite.java.tree.J$Modifier>,io.moderne.devcenter.EcmaScriptModernization$Declarations]}",13,11,2,23,2,13.15,6,11,4,485.31,12.78,0.11
src/main/java/io/moderne/devcenter/EcmaScriptModernization.java,io.moderne.devcenter.EcmaScriptModernization$DeclarationCounter,enclosingScope,"io.moderne.devcenter.EcmaScriptModernization$DeclarationCounter{name=enclosingScope,return=io.moderne.devcenter.EcmaScriptModernization$DeclarationCounter$Scope,parameters=[]}",11,8,2,16,0,10.77,4,10,0,502.65,18.67,0.15
src/main/java/io/moderne/devcenter/FindActiveCommitters.java,io.moderne.devcenter.FindActiveCommitters,getRecipeList,"io.moderne.devcenter.FindActiveCommitters{name=getRecipeList,return=java.util.List<org.openrewrite.Recipe>,parameters=[]}",1,0,0,5,0,5.1,1,5,0,60.92,3.75,0.01
src/main/java/io/moderne/devcenter/FindOrganizationStatistics.java,io.moderne.devcenter.FindOrganizationStatistics,maxCycles,"io.moderne.devcenter.FindOrganizationStatistics{name=maxCycles,return=int,parameters=[]}",1,0,0,4,0,0.0,0,0,0,2.0,0.5,0.0
src/main/java/io/moderne/devcenter/FindOrganizationStatistics.java,io.moderne.devcenter.FindOrganizationStatistics,getInitialValue,"io.moderne.devcenter.FindOrganizationStatistics{name=getInitialValue,return=java.util.concurrent.atomic.AtomicLong,parameters=[org.openrewrite.ExecutionContext]}",1,0,0,4,1,1.0,0,1,0,8.0,1.0,0.0
src/main/java/io/moderne/devcenter/FindOrganizationStatistics.java,io.moderne.devcenter.FindOrganizationStatistics,getScanner,"io.moderne.devcenter.FindOrganizationStatistics{name=getScanner,return=org.openrewrite.TreeVisitor<Generic{?}, org.openrewrite.ExecutionContext>,parameters=[java.util.concurrent.atomic.AtomicLong]}",3,2,1,13,1,5.0,0,5,0,176.47,8.67,0.04
src/main/java/io/moderne/devcenter/FindOrganizationStatistics.java,io.moderne.devcenter.FindOrganizationStatistics,getVisitor,"io.moderne.devcenter.FindOrganizationStatistics{name=getVisitor,return=org.openrewrite.TreeVisitor<Generic{?}, org.openrewrite.ExecutionContext>,parameters=[java.util.concurrent.atomic.AtomicLong]}",6,2,1,16,1,8.94,0,8,4,346.36,11.38,0.08
src/main/java/io/moderne/devcenter/FindOrganizationStatistics.java,io.moderne.devcenter.FindOrganizationStatistics,generate,"io.moderne.devcenter.FindOrganizationStatistics{name=generate,return=java.util.Collection<Generic{? extends org.openrewrite.SourceFile}>,parameters=[java.util.concurrent.atomic.AtomicLong,org.openrewrite.ExecutionContext]}",1,0,0,5,2,4.0,0,4,0,48.11,2.5,0.01
src/main/java/io/moderne/devcenter/GoVersionUpgrade.java,io.moderne.devcenter.GoVersionUpgrade,getInstanceName,"io.moderne.devcenter.GoVersionUpgrade{name=getInstanceName,return=java.lang.String,parameters=[]}",1,0,0,4,0,0.0,0,0,0,8.0,1.0,0.0
src/main/java/io/moderne/devcenter/GoVersionUpgrade.java,io.moderne.devcenter.GoVersionUpgrade,getVisitor,"io.moderne.devcenter.GoVersionUpgrade{name=getVisitor,return=org.openrewrite.TreeVisitor<Generic{?}, org.openrewrite.ExecutionContext>,parameters=[]}",7,37,5,49,0,21.05,15,7,13,996.26,18.82,0.24
src/main/java/io/moderne/devcenter/GoVersionUpgrade.java,io.moderne.devcenter.GoVersionUpgrade,parseVersion,"io.moderne.devcenter.GoVersionUpgrade{name=parseVersion,return=int[],parameters=[java.lang.String]}",2,1,1,7,1,6.08,1,6,0,112.59,4.5,0.02
src/main/java/io/moderne/devcenter/GoVersionUpgrade.java,io.moderne.devcenter.GoVersionUpgrade,getMeasures,"io.moderne.devcenter.GoVersionUpgrade{name=getMeasures,return=java.util.List<io.moderne.devcenter.DevCenterMeasure>,parameters=[]}",1,0,0,6,0,5.1,0,5,1,79.23,4.4,0.02
src/main/java/io/moderne/devcenter/GoVersionUpgrade.java,io.moderne.devcenter.GoVersionUpgrade,getFixRecipeId,"io.moderne.devcenter.GoVersionUpgrade{name=getFixRecipeId,return=java.lang.String,parameters=[]}",1,0,0,4,0,0.0,0,0,0,2.0,0.5,0.0
src/main/java/io/moderne/devcenter/GroovyVersionUpgrade.java,io.moderne.devcenter.GroovyVersionUpgrade,getInstanceName,"io.moderne.devcenter.GroovyVersionUpgrade{name=getInstanceName,return=java.lang.String,parameters=[]}",1,0,0,4,0,0.0,0,0,0,8.0,1.0,0.0
src/main/java/io/moderne/devcenter/GroovyVersionUpgrade.java,io.moderne.devcenter.GroovyVersionUpgrade,getVisitor,"io.moderne.devcenter.GroovyVersionUpgrade{name=getVisitor,return=org.openrewrite.TreeVisitor<Generic{?}, org.openrewrite.ExecutionContext>,parameters=[]}",2,1,1,17,0,9.11,1,9,1,272.05,10.53,0.07
src/main/java/io/moderne/devcenter/GroovyVersionUpgrade.java,io.moderne.devcenter.GroovyVersionUpgrade,findGroovyDependency,"io.moderne.devcenter.GroovyVersionUpgrade{name=findGroovyDependency,return=void,parameters=[org.openrewrite.ExecutionContext,org.openrewrite.SourceFile,java.lang.String,java.lang.String]}",4,13,3,21,4,9.11,7,3,5,348.79,7.79,0.06
src/main/java/io/moderne/devcenter/GroovyVersionUpgrade.java,io.moderne.devcenter.GroovyVersionUpgrade,parseMajorVersion,"io.moderne.devcenter.GroovyVersionUpgrade{name=parseMajorVersion,return=int,parameters=[java.lang.String]}",1,0,0,4,1,2.24,1,2,0,41.51,1.69,0.01
src/main/java/io/moderne/devcenter/GroovyVersionUpgrade.java,io.moderne.devcenter.GroovyVersionUpgrade,getMeasures,"io.moderne.devcenter.GroovyVersionUpgrade{name=getMeasures,return=java.util.List<io.moderne.devcenter.DevCenterMeasure>,parameters=[]}",1,0,0,6,0,5.1,0,5,1,79.23,4.4,0.02
src/main/java/io/moderne/devcenter/GroovyVersionUpgrade.java,io.moderne.devcenter.GroovyVersionUpgrade,getFixRecipeId,"io.moderne.devcenter.GroovyVersionUpgrade{name=getFixRecipeId,return=java.lang.String,parameters=[]}",1,0,0,4,0,0.0,0,0,0,2.0,0.5,0.0
src/main/java/io/moderne/devcenter/JUnitJupiterUpgrade.java,io.moderne.devcenter.JUnitJupiterUpgrade,getInstanceName,"io.moderne.devcenter.JUnitJupiterUpgrade{name=getInstanceName,return=java.lang.String,parameters=[]}",1,0,0,4,0,0.0,0,0,0,2.0,0.5,0.0
src/main/java/io/moderne/devcenter/JUnitJupiterUpgrade.java,io.moderne.devcenter.JUnitJupiterUpgrade,getVisitor,"io.moderne.devcenter.JUnitJupiterUpgrade{name=getVisitor,return=org.openrewrite.TreeVisitor<Generic{?}, org.openrewrite.ExecutionContext>,parameters=[]}",12,11,2,44,0,14.7,2,14,4,761.81,21.25,0.21
src/main/java/io/moderne/devcenter/JUnitJupiterUpgrade.java,io.moderne.devcenter.JUnitJupiterUpgrade,containsAnnotation,"io.moderne.devcenter.JUnitJupiterUpgrade{name=containsAnnotation,return=boolean,parameters=[org.openrewrite.java.tree.JavaSourceFile,org.openrewrite.java.AnnotationMatcher]}",4,3,1,25,2,10.1,1,10,1,312.11,12.1,0.08
src/main/java/io/moderne/devcenter/JUnitJupiterUpgrade.java,io.moderne.devcenter.JUnitJupiterUpgrade,usesMatchingType,"io.moderne.devcenter.JUnitJupiterUpgrade{name=usesMatchingType,return=boolean,parameters=[org.openrewrite.java.tree.JavaSourceFile,org.openrewrite.java.AnnotationMatcher]}",3,3,2,8,2,4.0,0,4,0,80.0,3.6,0.01
src/main/java/io/moderne/devcenter/JUnitJupiterUpgrade.java,io.moderne.devcenter.JUnitJupiterUpgrade,isOnJupiter6,"io.moderne.devcenter.JUnitJupiterUpgrade{name=isOnJupiter6,return=boolean,parameters=[org.openrewrite.java.tree.JavaSourceFile,org.openrewrite.ExecutionContext]}",2,1,1,10,2,14.18,2,14,1,314.84,10.55,0.07
src/main/java/io/moderne/devcenter/JUnitJupiterUpgrade.java,io.moderne.devcenter.JUnitJupiterUpgrade,getMeasures,"io.moderne.devcenter.JUnitJupiterUpgrade{name=getMeasures,return=java.util.List<io.moderne.devcenter.DevCenterMeasure>,parameters=[]}",1,0,0,4,0,2.0,0,2,0,19.65,1.5,0.0
src/main/java/io/moderne/devcenter/JUnitJupiterUpgrade.java,io.moderne.devcenter.JUnitJupiterUpgrade,getFixRecipeId,"io.moderne.devcenter.JUnitJupiterUpgrade{name=getFixRecipeId,return=java.lang.String,parameters=[]}",2,1,0,6,0,1.0,0,0,1,18.09,2.0,0.0
src/main/java/io/moderne/devcenter/JavaVersionUpgrade.java,io.moderne.devcenter.JavaVersionUpgrade,getInstanceName,"io.moderne.devcenter.JavaVersionUpgrade{name=getInstanceName,return=java.lang.String,parameters=[]}",1,0,0,4,0,0.0,0,0,0,8.0,1.0,0.0
src/main/java/io/moderne/devcenter/JavaVersionUpgrade.java,io.moderne.devcenter.JavaVersionUpgrade,getVisitor,"io.moderne.devcenter.JavaVersionUpgrade{name=getVisitor,return=org.openrewrite.TreeVisitor<Generic{?}, org.openrewrite.ExecutionContext>,parameters=[]}",3,12,2,33,0,11.75,7,8,5,485.89,12.95,0.11
src/main/java/io/moderne/devcenter/JavaVersionUpgrade.java,io.moderne.devcenter.JavaVersionUpgrade,getMeasures,"io.moderne.devcenter.JavaVersionUpgrade{name=getMeasures,return=java.util.List<io.moderne.devcenter.DevCenterMeasure>,parameters=[]}",1,0,0,6,0,5.1,0,5,1,79.23,4.4,0.02
src/main/java/io/moderne/devcenter/JavaVersionUpgrade.java,io.moderne.devcenter.JavaVersionUpgrade,getFixRecipeId,"io.moderne.devcenter.JavaVersionUpgrade{name=getFixRecipeId,return=java.lang.String,parameters=[]}",1,0,0,4,0,0.0,0,0,0,2.0,0.5,0.0
src/main/java/io/moderne/devcenter/KotlinVersionUpgrade.java,io.moderne.devcenter.KotlinVersionUpgrade,getInstanceName,"io.moderne.devcenter.KotlinVersionUpgrade{name=getInstanceName,return=java.lang.String,parameters=[]}",1,0,0,4,0,0.0,0,0,0,8.0,1.0,0.0
src/main/java/io/moderne/devcenter/KotlinVersionUpgrade.java,io.moderne.devcenter.KotlinVersionUpgrade,getVisitor,"io.moderne.devcenter.KotlinVersionUpgrade{name=getVisitor,return=org.openrewrite.TreeVisitor<Generic{?}, org.openrewrite.ExecutionContext>,parameters=[]}",6,15,3,33,0,15.3,8,11,7,702.92,18.3,0.18
src/main/java/io/moderne/devcenter/KotlinVersionUpgrade.java,io.moderne.devcenter.KotlinVersionUpgrade,parseVersion,"io.moderne.devcenter.KotlinVersionUpgrade{name=parseVersion,return=int[],parameters=[java.lang.String]}",2,1,0,7,1,3.32,1,3,1,89.86,4.25,0.02
src/main/java/io/moderne/devcenter/KotlinVersionUpgrade.java,io.moderne.devcenter.KotlinVersionUpgrade,compareMajorMinor,"io.moderne.devcenter.KotlinVersionUpgrade{name=compareMajorMinor,return=int,parameters=[int[],int[]]}",2,1,1,6,2,2.24,0,2,1,73.08,5.33,0.02
src/main/java/io/moderne/devcenter/KotlinVersionUpgrade.java,io.moderne.devcenter.KotlinVersionUpgrade,getMeasures,"io.moderne.devcenter.KotlinVersionUpgrade{name=getMeasures,return=java.util.List<io.moderne.devcenter.DevCenterMeasure>,parameters=[]}",1,0,0,8,0,7.14,1,7,1,130.03,6.0,0.03
src/main/java/io/moderne/devcenter/KotlinVersionUpgrade.java,io.moderne.devcenter.KotlinVersionUpgrade,getFixRecipeId,"io.moderne.devcenter.KotlinVersionUpgrade{name=getFixRecipeId,return=java.lang.String,parameters=[]}",1,0,0,4,0,0.0,0,0,0,2.0,0.5,0.0
src/main/java/io/moderne/devcenter/LibraryUpgrade.java,io.moderne.devcenter.LibraryUpgrade,getInstanceName,"io.moderne.devcenter.LibraryUpgrade{name=getInstanceName,return=java.lang.String,parameters=[]}",1,0,0,4,0,1.0,0,1,0,4.75,1.0,0.0
src/main/java/io/moderne/devcenter/LibraryUpgrade.java,io.moderne.devcenter.LibraryUpgrade,getVisitor,"io.moderne.devcenter.LibraryUpgrade{name=getVisitor,return=org.openrewrite.TreeVisitor<Generic{?}, org.openrewrite.ExecutionContext>,parameters=[]}",4,4,2,20,0,11.36,2,11,2,365.78,10.73,0.08
src/main/java/io/moderne/devcenter/LibraryUpgrade.java,io.moderne.devcenter.LibraryUpgrade,getFixRecipeId,"io.moderne.devcenter.LibraryUpgrade{name=getFixRecipeId,return=java.lang.String,parameters=[]}",1,0,0,4,0,0.0,0,0,0,2.0,0.5,0.0
src/main/java/io/moderne/devcenter/LibraryUpgrade.java,io.moderne.devcenter.LibraryUpgrade,getMeasures,"io.moderne.devcenter.LibraryUpgrade{name=getMeasures,return=java.util.List<io.moderne.devcenter.DevCenterMeasure>,parameters=[]}",1,0,0,4,0,2.0,0,2,0,19.65,1.5,0.0
src/main/java/io/moderne/devcenter/NodeVersionUpgrade.java,io.moderne.devcenter.NodeVersionUpgrade,getInstanceName,"io.moderne.devcenter.NodeVersionUpgrade{name=getInstanceName,return=java.lang.String,parameters=[]}",1,0,0,4,0,0.0,0,0,0,8.0,1.0,0.0
src/main/java/io/moderne/devcenter/NodeVersionUpgrade.java,io.moderne.devcenter.NodeVersionUpgrade,getVisitor,"io.moderne.devcenter.NodeVersionUpgrade{name=getVisitor,return=org.openrewrite.TreeVisitor<Generic{?}, org.openrewrite.ExecutionContext>,parameters=[]}",7,35,6,41,0,16.19,10,9,9,759.11,16.8,0.18
src/main/java/io/moderne/devcenter/NodeVersionUpgrade.java,io.moderne.devcenter.NodeVersionUpgrade,parseMajorVersion,"io.moderne.devcenter.NodeVersionUpgrade{name=parseMajorVersion,return=int,parameters=[java.lang.String]}",3,2,1,11,1,8.25,2,8,0,161.42,7.0,0.04
src/main/java/io/moderne/devcenter/NodeVersionUpgrade.java,io.moderne.devcenter.NodeVersionUpgrade,getMeasures,"io.moderne.devcenter.NodeVersionUpgrade{name=getMeasures,return=java.util.List<io.moderne.devcenter.DevCenterMeasure>,parameters=[]}",1,0,0,6,0,5.1,0,5,1,79.23,4.4,0.02
src/main/java/io/moderne/devcenter/NodeVersionUpgrade.java,io.moderne.devcenter.NodeVersionUpgrade,getFixRecipeId,"io.moderne.devcenter.NodeVersionUpgrade{name=getFixRecipeId,return=java.lang.String,parameters=[]}",1,0,0,4,0,0.0,0,0,0,2.0,0.5,0.0
src/main/java/io/moderne/devcenter/ParentPomUpgrade.java,io.moderne.devcenter.ParentPomUpgrade,getInstanceName,"io.moderne.devcenter.ParentPomUpgrade{name=getInstanceName,return=java.lang.String,parameters=[]}",1,0,0,4,0,1.0,0,1,0,4.75,1.0,0.0
src/main/java/io/moderne/devcenter/ParentPomUpgrade.java,io.moderne.devcenter.ParentPomUpgrade,getVisitor,"io.moderne.devcenter.ParentPomUpgrade{name=getVisitor,return=org.openrewrite.TreeVisitor<Generic{?}, org.openrewrite.ExecutionContext>,parameters=[]}",6,4,1,22,0,19.26,1,19,3,511.79,17.25,0.14
src/main/java/io/moderne/devcenter/ParentPomUpgrade.java,io.moderne.devcenter.ParentPomUpgrade,getMeasures,"io.moderne.devcenter.ParentPomUpgrade{name=getMeasures,return=java.util.List<io.moderne.devcenter.DevCenterMeasure>,parameters=[]}",1,0,0,4,0,2.0,0,2,0,19.65,1.5,0.0
src/main/java/io/moderne/devcenter/ParentPomUpgrade.java,io.moderne.devcenter.ParentPomUpgrade,getFixRecipeId,"io.moderne.devcenter.ParentPomUpgrade{name=getFixRecipeId,return=java.lang.String,parameters=[]}",1,0,0,4,0,0.0,0,0,0,2.0,0.5,0.0
src/main/java/io/moderne/devcenter/PythonVersionUpgrade.java,io.moderne.devcenter.PythonVersionUpgrade,getInstanceName,"io.moderne.devcenter.PythonVersionUpgrade{name=getInstanceName,return=java.lang.String,parameters=[]}",1,0,0,4,0,0.0,0,0,0,8.0,1.0,0.0
src/main/java/io/moderne/devcenter/PythonVersionUpgrade.java,io.moderne.devcenter.PythonVersionUpgrade,getVisitor,"io.moderne.devcenter.PythonVersionUpgrade{name=getVisitor,return=org.openrewrite.TreeVisitor<Generic{?}, org.openrewrite.ExecutionContext>,parameters=[]}",8,32,5,43,0,17.72,12,7,11,840.17,19.57,0.22
src/main/java/io/moderne/devcenter/PythonVersionUpgrade.java,io.moderne.devcenter.PythonVersionUpgrade,parseMinimumVersion,"io.moderne.devcenter.PythonVersionUpgrade{name=parseMinimumVersion,return=int[],parameters=[java.lang.String]}",3,2,1,11,1,12.17,2,12,0,224.74,9.15,0.05
src/main/java/io/moderne/devcenter/PythonVersionUpgrade.java,io.moderne.devcenter.PythonVersionUpgrade,getMeasures,"io.moderne.devcenter.PythonVersionUpgrade{name=getMeasures,return=java.util.List<io.moderne.devcenter.DevCenterMeasure>,parameters=[]}",1,0,0,6,0,5.1,0,5,1,79.23,4.4,0.02
src/main/java/io/moderne/devcenter/PythonVersionUpgrade.java,io.moderne.devcenter.PythonVersionUpgrade,getFixRecipeId,"io.moderne.devcenter.PythonVersionUpgrade{name=getFixRecipeId,return=java.lang.String,parameters=[]}",1,0,0,4,0,0.0,0,0,0,2.0,0.5,0.0
src/main/java/io/moderne/devcenter/ReportAsSecurityIssues.java,io.moderne.devcenter.ReportAsSecurityIssues,getInstanceName,"io.moderne.devcenter.ReportAsSecurityIssues{name=getInstanceName,return=java.lang.String,parameters=[]}",1,0,0,4,0,0.0,0,0,0,2.0,0.5,0.0
src/main/java/io/moderne/devcenter/ReportAsSecurityIssues.java,io.moderne.devcenter.ReportAsSecurityIssues,getVisitor,"io.moderne.devcenter.ReportAsSecurityIssues{name=getVisitor,return=org.openrewrite.TreeVisitor<Generic{?}, org.openrewrite.ExecutionContext>,parameters=[]}",7,28,6,31,0,19.87,5,19,3,652.38,22.7,0.2
src/main/java/io/moderne/devcenter/ScalaVersionUpgrade.java,io.moderne.devcenter.ScalaVersionUpgrade,getInstanceName,"io.moderne.devcenter.ScalaVersionUpgrade{name=getInstanceName,return=java.lang.String,parameters=[]}",1,0,0,4,0,0.0,0,0,0,8.0,1.0,0.0
src/main/java/io/moderne/devcenter/ScalaVersionUpgrade.java,io.moderne.devcenter.ScalaVersionUpgrade,getVisitor,"io.moderne.devcenter.ScalaVersionUpgrade{name=getVisitor,return=org.openrewrite.TreeVisitor<Generic{?}, org.openrewrite.ExecutionContext>,parameters=[]}",3,2,1,22,0,8.31,1,8,2,252.62,9.21,0.06
src/main/java/io/moderne/devcenter/ScalaVersionUpgrade.java,io.moderne.devcenter.ScalaVersionUpgrade,emitMeasures,"io.moderne.devcenter.ScalaVersionUpgrade{name=emitMeasures,return=boolean,parameters=[org.openrewrite.ExecutionContext,org.openrewrite.SourceFile,java.lang.String,java.lang.String]}",5,14,4,26,4,11.92,9,5,6,442.21,12.6,0.1
src/main/java/io/moderne/devcenter/ScalaVersionUpgrade.java,io.moderne.devcenter.ScalaVersionUpgrade,parseMajorVersion,"io.moderne.devcenter.ScalaVersionUpgrade{name=parseMajorVersion,return=int,parameters=[java.lang.String]}",1,0,0,4,1,2.24,1,2,0,41.51,1.69,0.01
src/main/java/io/moderne/devcenter/ScalaVersionUpgrade.java,io.moderne.devcenter.ScalaVersionUpgrade,parseMinorVersion,"io.moderne.devcenter.ScalaVersionUpgrade{name=parseMinorVersion,return=int,parameters=[java.lang.String]}",2,1,0,4,1,2.45,1,2,1,70.32,3.25,0.01
src/main/java/io/moderne/devcenter/ScalaVersionUpgrade.java,io.moderne.devcenter.ScalaVersionUpgrade,getMeasures,"io.moderne.devcenter.ScalaVersionUpgrade{name=getMeasures,return=java.util.List<io.moderne.devcenter.DevCenterMeasure>,parameters=[]}",1,0,0,6,0,5.1,0,5,1,79.23,4.4,0.02
src/main/java/io/moderne/devcenter/ScalaVersionUpgrade.java,io.moderne.devcenter.ScalaVersionUpgrade,getFixRecipeId,"io.moderne.devcenter.ScalaVersionUpgrade{name=getFixRecipeId,return=java.lang.String,parameters=[]}",1,0,0,4,0,0.0,0,0,0,2.0,0.5,0.0
src/main/java/io/moderne/devcenter/SemverMeasure.java,io.moderne.devcenter.SemverMeasure,getName,"io.moderne.devcenter.SemverMeasure{name=getName,return=java.lang.String,parameters=[]}",1,0,0,4,0,1.0,0,1,0,4.75,1.0,0.0
src/main/java/io/moderne/devcenter/SemverRowBuilder.java,io.moderne.devcenter.SemverRowBuilder,SemverRowBuilder,"io.moderne.devcenter.SemverRowBuilder{name=<constructor>,return=io.moderne.devcenter.SemverRowBuilder,parameters=[java.lang.String,java.lang.String]}",1,0,0,7,2,5.66,4,4,0,267.93,5.16,0.04
src/main/java/io/moderne/devcenter/SemverRowBuilder.java,io.moderne.devcenter.SemverRowBuilder,comparator,"io.moderne.devcenter.SemverRowBuilder{name=comparator,return=org.openrewrite.semver.VersionComparator,parameters=[java.lang.String]}",1,0,0,3,1,3.0,0,3,0,33.22,2.0,0.01
src/main/java/io/moderne/devcenter/SemverRowBuilder.java,io.moderne.devcenter.SemverRowBuilder,parseTargetVersion,"io.moderne.devcenter.SemverRowBuilder{name=parseTargetVersion,return=void,parameters=[java.lang.String]}",6,5,2,24,1,8.83,7,5,2,300.16,11.14,0.07
src/main/java/io/moderne/devcenter/SemverRowBuilder.java,io.moderne.devcenter.SemverRowBuilder,getRow,"io.moderne.devcenter.SemverRowBuilder{name=getRow,return=io.moderne.devcenter.table.UpgradesAndMigrations$Row,parameters=[java.lang.String]}",4,3,1,13,1,15.0,0,15,0,330.0,9.75,0.07
src/main/java/io/moderne/devcenter/UpgradeMigrationCard.java,io.moderne.devcenter.UpgradeMigrationCard,ordinal,"io.moderne.devcenter.UpgradeMigrationCard{name=ordinal,return=int,parameters=[io.moderne.devcenter.DevCenterMeasure]}",1,0,0,3,1,2.0,0,2,0,15.51,1.5,0.0
src/main/java/io/moderne/devcenter/UpgradeMigrationCard.java,io.moderne.devcenter.UpgradeMigrationCard,onComplete,"io.moderne.devcenter.UpgradeMigrationCard{name=onComplete,return=void,parameters=[org.openrewrite.ExecutionContext]}",1,0,0,5,1,3.0,0,3,0,27.0,1.8,0.0
src/main/java/io/moderne/devcenter/internal/CSharpLineCounter.java,io.moderne.devcenter.internal.CSharpLineCounter,visitSpace,"io.moderne.devcenter.internal.CSharpLineCounter{name=visitSpace,return=org.openrewrite.java.tree.Space,parameters=[org.openrewrite.java.tree.Space,org.openrewrite.java.tree.Space$Location,io.moderne.devcenter.internal.Newlines$Counter]}",1,0,0,5,3,1.0,0,1,0,18.09,1.25,0.0
src/main/java/io/moderne/devcenter/internal/CSharpLineCounter.java,io.moderne.devcenter.internal.CSharpLineCounter,visitLiteral,"io.moderne.devcenter.internal.CSharpLineCounter{name=visitLiteral,return=org.openrewrite.java.tree.J,parameters=[org.openrewrite.java.tree.J$Literal,io.moderne.devcenter.internal.Newlines$Counter]}",1,0,0,5,2,3.0,0,3,0,39.86,2.67,0.01
src/main/java/io/moderne/devcenter/internal/CSharpLineCounter.java,io.moderne.devcenter.internal.CSharpLineCounter,visitUnknownSource,"io.moderne.devcenter.internal.CSharpLineCounter{name=visitUnknownSource,return=org.openrewrite.java.tree.J,parameters=[org.openrewrite.java.tree.J$Unknown$Source,io.moderne.devcenter.internal.Newlines$Counter]}",1,0,0,5,2,3.0,0,3,0,39.86,2.67,0.01
src/main/java/io/moderne/devcenter/internal/CSharpLineCounter.java,io.moderne.devcenter.internal.CSharpLineCounter,count,"io.moderne.devcenter.internal.CSharpLineCounter{name=count,return=long,parameters=[org.openrewrite.csharp.tree.Cs$CompilationUnit]}",1,0,0,5,1,5.1,1,5,0,66.61,3.75,0.01
src/main/java/io/moderne/devcenter/internal/DockerLineCounter.java,io.moderne.devcenter.internal.DockerLineCounter,DockerLineCounter,"io.moderne.devcenter.internal.DockerLineCounter{name=<constructor>,return=io.moderne.devcenter.internal.DockerLineCounter,parameters=[]}",1,0,0,2,0,0.0,0,0,0,0.0,0.0,0.0
src/main/java/io/moderne/devcenter/internal/DockerLineCounter.java,io.moderne.devcenter.internal.DockerLineCounter,count,"io.moderne.devcenter.internal.DockerLineCounter{name=count,return=long,parameters=[org.openrewrite.docker.tree.Docker$File]}",1,0,0,8,1,10.05,1,10,0,135.93,9.45,0.04
src/main/java/io/moderne/devcenter/internal/DockerLineCounter.java,io.moderne.devcenter.internal.DockerLineCounter,docker,"io.moderne.devcenter.internal.DockerLineCounter{name=docker,return=void,parameters=[org.openrewrite.docker.tree.Docker]}",16,87,2,175,1,178.24,27,176,8,6386.59,138.13,3.07
src/main/java/io/moderne/devcenter/internal/DockerLineCounter.java,io.moderne.devcenter.internal.DockerLineCounter,pair,"io.moderne.devcenter.internal.DockerLineCounter{name=pair,return=void,parameters=[org.openrewrite.docker.tree.Space,org.openrewrite.docker.tree.Docker,boolean,org.openrewrite.docker.tree.Docker]}",2,1,1,8,4,4.0,0,4,0,44.97,2.29,0.01
src/main/java/io/moderne/devcenter/internal/DockerLineCounter.java,io.moderne.devcenter.internal.DockerLineCounter,bracketed,"io.moderne.devcenter.internal.DockerLineCounter{name=bracketed,return=void,parameters=[org.openrewrite.docker.tree.Space,java.util.List<Generic{? extends org.openrewrite.docker.tree.Docker}>,org.openrewrite.docker.tree.Space]}",1,0,0,7,3,5.0,0,5,0,41.21,2.0,0.01
src/main/java/io/moderne/devcenter/internal/DockerLineCounter.java,io.moderne.devcenter.internal.DockerLineCounter,commaSeparated,"io.moderne.devcenter.internal.DockerLineCounter{name=commaSeparated,return=void,parameters=[java.util.List<Generic{? extends org.openrewrite.docker.tree.Docker}>]}",3,3,2,8,1,5.48,1,5,2,106.27,8.44,0.03
src/main/java/io/moderne/devcenter/internal/DockerLineCounter.java,io.moderne.devcenter.internal.DockerLineCounter,flags,"io.moderne.devcenter.internal.DockerLineCounter{name=flags,return=void,parameters=[java.util.List<org.openrewrite.docker.tree.Docker$Flag>]}",2,1,1,5,1,1.41,0,1,1,18.09,2.0,0.0
src/main/java/io/moderne/devcenter/internal/DockerLineCounter.java,io.moderne.devcenter.internal.DockerLineCounter,all,"io.moderne.devcenter.internal.DockerLineCounter{name=all,return=void,parameters=[java.util.List<Generic{? extends org.openrewrite.docker.tree.Docker}>]}",2,1,1,5,1,1.0,0,1,0,18.09,1.25,0.0
src/main/java/io/moderne/devcenter/internal/DockerLineCounter.java,io.moderne.devcenter.internal.DockerLineCounter,space,"io.moderne.devcenter.internal.DockerLineCounter{name=space,return=void,parameters=[org.openrewrite.docker.tree.Space]}",3,2,1,10,1,7.07,0,7,1,108.42,7.5,0.03
src/main/java/io/moderne/devcenter/internal/GoLineCounter.java,io.moderne.devcenter.internal.GoLineCounter,visitSpace,"io.moderne.devcenter.internal.GoLineCounter{name=visitSpace,return=org.openrewrite.java.tree.Space,parameters=[org.openrewrite.java.tree.Space,org.openrewrite.java.tree.Space$Location,io.moderne.devcenter.internal.Newlines$Counter]}",1,0,0,5,3,1.0,0,1,0,18.09,1.25,0.0
src/main/java/io/moderne/devcenter/internal/GoLineCounter.java,io.moderne.devcenter.internal.GoLineCounter,visitLiteral,"io.moderne.devcenter.internal.GoLineCounter{name=visitLiteral,return=org.openrewrite.java.tree.J,parameters=[org.openrewrite.java.tree.J$Literal,io.moderne.devcenter.internal.Newlines$Counter]}",1,0,0,5,2,3.0,0,3,0,39.86,2.67,0.01
src/main/java/io/moderne/devcenter/internal/GoLineCounter.java,io.moderne.devcenter.internal.GoLineCounter,visitUnknownSource,"io.moderne.devcenter.internal.GoLineCounter{name=visitUnknownSource,return=org.openrewrite.java.tree.J,parameters=[org.openrewrite.java.tree.J$Unknown$Source,io.moderne.devcenter.internal.Newlines$Counter]}",1,0,0,5,2,3.0,0,3,0,39.86,2.67,0.01
src/main/java/io/moderne/devcenter/internal/GoLineCounter.java,io.moderne.devcenter.internal.GoLineCounter,count,"io.moderne.devcenter.internal.GoLineCounter{name=count,return=long,parameters=[org.openrewrite.golang.tree.Go$CompilationUnit]}",1,0,0,5,1,5.1,1,5,0,66.61,3.75,0.01
src/main/java/io/moderne/devcenter/internal/GoModLineCounter.java,io.moderne.devcenter.internal.GoModLineCounter,visitSpace,"io.moderne.devcenter.internal.GoModLineCounter{name=visitSpace,return=org.openrewrite.java.tree.Space,parameters=[org.openrewrite.java.tree.Space,io.moderne.devcenter.internal.Newlines$Counter]}",1,0,0,5,2,1.0,0,1,0,18.09,1.25,0.0
src/main/java/io/moderne/devcenter/internal/GoModLineCounter.java,io.moderne.devcenter.internal.GoModLineCounter,visitDirective,"io.moderne.devcenter.internal.GoModLineCounter{name=visitDirective,return=org.openrewrite.golang.tree.GoModTree,parameters=[org.openrewrite.golang.tree.GoMod$Directive,io.moderne.devcenter.internal.Newlines$Counter]}",1,0,0,5,2,3.0,0,3,0,39.86,2.67,0.01
src/main/java/io/moderne/devcenter/internal/GoModLineCounter.java,io.moderne.devcenter.internal.GoModLineCounter,visitBlock,"io.moderne.devcenter.internal.GoModLineCounter{name=visitBlock,return=org.openrewrite.golang.tree.GoModTree,parameters=[org.openrewrite.golang.tree.GoMod$Block,io.moderne.devcenter.internal.Newlines$Counter]}",1,0,0,5,2,1.41,1,1,0,27.0,1.8,0.0
src/main/java/io/moderne/devcenter/internal/GoModLineCounter.java,io.moderne.devcenter.internal.GoModLineCounter,visitValue,"io.moderne.devcenter.internal.GoModLineCounter{name=visitValue,return=org.openrewrite.golang.tree.GoModTree,parameters=[org.openrewrite.golang.tree.GoMod$Value,io.moderne.devcenter.internal.Newlines$Counter]}",1,0,0,5,2,3.0,0,3,0,39.86,2.67,0.01
src/main/java/io/moderne/devcenter/internal/GoModLineCounter.java,io.moderne.devcenter.internal.GoModLineCounter,count,"io.moderne.devcenter.internal.GoModLineCounter{name=count,return=long,parameters=[org.openrewrite.golang.tree.GoMod]}",1,0,0,5,1,5.1,1,5,0,66.61,3.75,0.01
src/main/java/io/moderne/devcenter/internal/GoSumLineCounter.java,io.moderne.devcenter.internal.GoSumLineCounter,visitSpace,"io.moderne.devcenter.internal.GoSumLineCounter{name=visitSpace,return=org.openrewrite.java.tree.Space,parameters=[org.openrewrite.java.tree.Space,io.moderne.devcenter.internal.Newlines$Counter]}",1,0,0,5,2,1.0,0,1,0,18.09,1.25,0.0
src/main/java/io/moderne/devcenter/internal/GoSumLineCounter.java,io.moderne.devcenter.internal.GoSumLineCounter,visitLine,"io.moderne.devcenter.internal.GoSumLineCounter{name=visitLine,return=org.openrewrite.golang.tree.GoSumTree,parameters=[org.openrewrite.golang.tree.GoSum$Line,io.moderne.devcenter.internal.Newlines$Counter]}",1,0,0,5,2,1.41,1,1,0,27.0,1.8,0.0
src/main/java/io/moderne/devcenter/internal/GoSumLineCounter.java,io.moderne.devcenter.internal.GoSumLineCounter,count,"io.moderne.devcenter.internal.GoSumLineCounter{name=count,return=long,parameters=[org.openrewrite.golang.tree.GoSum]}",1,0,0,5,1,5.1,1,5,0,66.61,3.75,0.01
src/main/java/io/moderne/devcenter/internal/GroovyLineCounter.java,io.moderne.devcenter.internal.GroovyLineCounter,visitCompilationUnit,"io.moderne.devcenter.internal.GroovyLineCounter{name=visitCompilationUnit,return=org.openrewrite.java.tree.J,parameters=[org.openrewrite.groovy.tree.G$CompilationUnit,io.moderne.devcenter.internal.Newlines$Counter]}",4,4,2,20,2,15.43,3,15,2,479.73,18.69,0.14
src/main/java/io/moderne/devcenter/internal/GroovyLineCounter.java,io.moderne.devcenter.internal.GroovyLineCounter,visitSpace,"io.moderne.devcenter.internal.GroovyLineCounter{name=visitSpace,return=org.openrewrite.java.tree.Space,parameters=[org.openrewrite.java.tree.Space,org.openrewrite.java.tree.Space$Location,io.moderne.devcenter.internal.Newlines$Counter]}",1,0,0,5,3,1.0,0,1,0,18.09,1.25,0.0
src/main/java/io/moderne/devcenter/internal/GroovyLineCounter.java,io.moderne.devcenter.internal.GroovyLineCounter,visitLiteral,"io.moderne.devcenter.internal.GroovyLineCounter{name=visitLiteral,return=org.openrewrite.java.tree.J,parameters=[org.openrewrite.java.tree.J$Literal,io.moderne.devcenter.internal.Newlines$Counter]}",1,0,0,5,2,3.0,0,3,0,39.86,2.67,0.01
src/main/java/io/moderne/devcenter/internal/GroovyLineCounter.java,io.moderne.devcenter.internal.GroovyLineCounter,visitUnknownSource,"io.moderne.devcenter.internal.GroovyLineCounter{name=visitUnknownSource,return=org.openrewrite.java.tree.J,parameters=[org.openrewrite.java.tree.J$Unknown$Source,io.moderne.devcenter.internal.Newlines$Counter]}",1,0,0,5,2,3.0,0,3,0,39.86,2.67,0.01
src/main/java/io/moderne/devcenter/internal/GroovyLineCounter.java,io.moderne.devcenter.internal.GroovyLineCounter,visitErroneous,"io.moderne.devcenter.internal.GroovyLineCounter{name=visitErroneous,return=org.openrewrite.java.tree.J,parameters=[org.openrewrite.java.tree.J$Erroneous,io.moderne.devcenter.internal.Newlines$Counter]}",1,0,0,5,2,3.0,0,3,0,39.86,2.67,0.01
src/main/java/io/moderne/devcenter/internal/GroovyLineCounter.java,io.moderne.devcenter.internal.GroovyLineCounter,visitMarker,"io.moderne.devcenter.internal.GroovyLineCounter{name=visitMarker,return=Generic{M extends org.openrewrite.marker.Marker},parameters=[org.openrewrite.marker.Marker,io.moderne.devcenter.internal.Newlines$Counter]}",4,13,1,24,2,19.0,0,19,0,672.09,26.73,0.23
src/main/java/io/moderne/devcenter/internal/GroovyLineCounter.java,io.moderne.devcenter.internal.GroovyLineCounter,printsEmptyArgumentList,"io.moderne.devcenter.internal.GroovyLineCounter{name=printsEmptyArgumentList,return=boolean,parameters=[]}",3,2,1,8,0,5.74,2,5,2,177.87,8.63,0.04
src/main/java/io/moderne/devcenter/internal/GroovyLineCounter.java,io.moderne.devcenter.internal.GroovyLineCounter,visitBinary,"io.moderne.devcenter.internal.GroovyLineCounter{name=visitBinary,return=org.openrewrite.java.tree.J,parameters=[org.openrewrite.groovy.tree.G$Binary,io.moderne.devcenter.internal.Newlines$Counter]}",2,1,1,7,2,4.12,0,4,1,99.4,4.31,0.02
src/main/java/io/moderne/devcenter/internal/GroovyLineCounter.java,io.moderne.devcenter.internal.GroovyLineCounter,visitUnary,"io.moderne.devcenter.internal.GroovyLineCounter{name=visitUnary,return=org.openrewrite.java.tree.J,parameters=[org.openrewrite.groovy.tree.G$Unary,io.moderne.devcenter.internal.Newlines$Counter]}",1,0,0,8,2,6.0,0,6,0,95.91,5.09,0.02
src/main/java/io/moderne/devcenter/internal/GroovyLineCounter.java,io.moderne.devcenter.internal.GroovyLineCounter,visitTernary,"io.moderne.devcenter.internal.GroovyLineCounter{name=visitTernary,return=org.openrewrite.java.tree.J,parameters=[org.openrewrite.java.tree.J$Ternary,io.moderne.devcenter.internal.Newlines$Counter]}",2,1,1,14,2,20.02,0,20,1,372.6,17.09,0.11
src/main/java/io/moderne/devcenter/internal/GroovyLineCounter.java,io.moderne.devcenter.internal.GroovyLineCounter,visitTypeCast,"io.moderne.devcenter.internal.GroovyLineCounter{name=visitTypeCast,return=org.openrewrite.java.tree.J,parameters=[org.openrewrite.java.tree.J$TypeCast,io.moderne.devcenter.internal.Newlines$Counter]}",2,1,1,13,2,17.06,1,17,1,345.11,14.62,0.1
src/main/java/io/moderne/devcenter/internal/GroovyLineCounter.java,io.moderne.devcenter.internal.GroovyLineCounter,visitLambda,"io.moderne.devcenter.internal.GroovyLineCounter{name=visitLambda,return=org.openrewrite.java.tree.J,parameters=[org.openrewrite.java.tree.J$Lambda,io.moderne.devcenter.internal.Newlines$Counter]}",7,7,2,23,2,25.63,4,25,4,728.71,31.03,0.27
src/main/java/io/moderne/devcenter/internal/GroovyLineCounter.java,io.moderne.devcenter.internal.GroovyLineCounter,count,"io.moderne.devcenter.internal.GroovyLineCounter{name=count,return=long,parameters=[org.openrewrite.groovy.tree.G$CompilationUnit]}",1,0,0,5,1,5.1,1,5,0,66.61,3.75,0.01
src/main/java/io/moderne/devcenter/internal/HclLineCounter.java,io.moderne.devcenter.internal.HclLineCounter,count,"io.moderne.devcenter.internal.HclLineCounter{name=count,return=long,parameters=[org.openrewrite.hcl.tree.Hcl$ConfigFile]}",1,0,0,5,1,4.12,1,4,0,46.51,3.0,0.01
src/main/java/io/moderne/devcenter/internal/HclLineCounter.java,io.moderne.devcenter.internal.HclLineCounter,visitSpace,"io.moderne.devcenter.internal.HclLineCounter{name=visitSpace,return=org.openrewrite.hcl.tree.Space,parameters=[org.openrewrite.hcl.tree.Space,org.openrewrite.hcl.tree.Space$Location,io.moderne.devcenter.internal.PrintOrderLineCounter]}",3,3,2,13,3,10.05,0,10,1,183.4,11.0,0.05
src/main/java/io/moderne/devcenter/internal/HclLineCounter.java,io.moderne.devcenter.internal.HclLineCounter,visitAttribute,"io.moderne.devcenter.internal.HclLineCounter{name=visitAttribute,return=org.openrewrite.hcl.tree.Hcl,parameters=[org.openrewrite.hcl.tree.Hcl$Attribute,io.moderne.devcenter.internal.PrintOrderLineCounter]}",2,1,1,13,2,15.03,0,15,1,270.0,14.0,0.08
src/main/java/io/moderne/devcenter/internal/HclLineCounter.java,io.moderne.devcenter.internal.HclLineCounter,visitAttributeAccess,"io.moderne.devcenter.internal.HclLineCounter{name=visitAttributeAccess,return=org.openrewrite.hcl.tree.Hcl,parameters=[org.openrewrite.hcl.tree.Hcl$AttributeAccess,io.moderne.devcenter.internal.PrintOrderLineCounter]}",1,0,0,7,2,6.0,0,6,0,95.91,5.09,0.02
src/main/java/io/moderne/devcenter/internal/HclLineCounter.java,io.moderne.devcenter.internal.HclLineCounter,visitBinary,"io.moderne.devcenter.internal.HclLineCounter{name=visitBinary,return=org.openrewrite.hcl.tree.Hcl,parameters=[org.openrewrite.hcl.tree.Hcl$Binary,io.moderne.devcenter.internal.PrintOrderLineCounter]}",1,0,0,9,2,10.0,0,10,0,155.89,8.21,0.04
src/main/java/io/moderne/devcenter/internal/HclLineCounter.java,io.moderne.devcenter.internal.HclLineCounter,visitBlock,"io.moderne.devcenter.internal.HclLineCounter{name=visitBlock,return=org.openrewrite.hcl.tree.Hcl,parameters=[org.openrewrite.hcl.tree.Hcl$Block,io.moderne.devcenter.internal.PrintOrderLineCounter]}",3,2,1,16,2,13.0,0,13,0,274.79,11.58,0.07
src/main/java/io/moderne/devcenter/internal/HclLineCounter.java,io.moderne.devcenter.internal.HclLineCounter,visitConditional,"io.moderne.devcenter.internal.HclLineCounter{name=visitConditional,return=org.openrewrite.hcl.tree.Hcl,parameters=[org.openrewrite.hcl.tree.Hcl$Conditional,io.moderne.devcenter.internal.PrintOrderLineCounter]}",1,0,0,8,2,9.0,0,9,0,149.34,7.38,0.04
src/main/java/io/moderne/devcenter/internal/HclLineCounter.java,io.moderne.devcenter.internal.HclLineCounter,visitConfigFile,"io.moderne.devcenter.internal.HclLineCounter{name=visitConfigFile,return=org.openrewrite.hcl.tree.Hcl,parameters=[org.openrewrite.hcl.tree.Hcl$ConfigFile,io.moderne.devcenter.internal.PrintOrderLineCounter]}",2,1,1,9,2,5.0,0,5,0,106.2,5.25,0.02
src/main/java/io/moderne/devcenter/internal/HclLineCounter.java,io.moderne.devcenter.internal.HclLineCounter,visitForIntro,"io.moderne.devcenter.internal.HclLineCounter{name=visitForIntro,return=org.openrewrite.hcl.tree.Hcl,parameters=[org.openrewrite.hcl.tree.Hcl$ForIntro,io.moderne.devcenter.internal.PrintOrderLineCounter]}",1,0,0,7,2,6.0,0,6,0,101.95,4.96,0.02
src/main/java/io/moderne/devcenter/internal/HclLineCounter.java,io.moderne.devcenter.internal.HclLineCounter,visitForObject,"io.moderne.devcenter.internal.HclLineCounter{name=visitForObject,return=org.openrewrite.hcl.tree.Hcl,parameters=[org.openrewrite.hcl.tree.Hcl$ForObject,io.moderne.devcenter.internal.PrintOrderLineCounter]}",2,1,1,16,2,21.02,0,21,1,425.75,18.67,0.13
src/main/java/io/moderne/devcenter/internal/HclLineCounter.java,io.moderne.devcenter.internal.HclLineCounter,visitForTuple,"io.moderne.devcenter.internal.HclLineCounter{name=visitForTuple,return=org.openrewrite.hcl.tree.Hcl,parameters=[org.openrewrite.hcl.tree.Hcl$ForTuple,io.moderne.devcenter.internal.PrintOrderLineCounter]}",1,0,0,11,2,13.0,0,13,0,238.04,10.69,0.06
src/main/java/io/moderne/devcenter/internal/HclLineCounter.java,io.moderne.devcenter.internal.HclLineCounter,visitFunctionCall,"io.moderne.devcenter.internal.HclLineCounter{name=visitFunctionCall,return=org.openrewrite.hcl.tree.Hcl,parameters=[org.openrewrite.hcl.tree.Hcl$FunctionCall,io.moderne.devcenter.internal.PrintOrderLineCounter]}",1,0,0,7,2,6.0,0,6,0,101.95,4.96,0.02
src/main/java/io/moderne/devcenter/internal/HclLineCounter.java,io.moderne.devcenter.internal.HclLineCounter,visitHeredocTemplate,"io.moderne.devcenter.internal.HclLineCounter{name=visitHeredocTemplate,return=org.openrewrite.hcl.tree.Hcl,parameters=[org.openrewrite.hcl.tree.Hcl$HeredocTemplate,io.moderne.devcenter.internal.PrintOrderLineCounter]}",2,1,1,12,2,12.0,0,12,0,213.97,10.66,0.06
src/main/java/io/moderne/devcenter/internal/HclLineCounter.java,io.moderne.devcenter.internal.HclLineCounter,visitIdentifier,"io.moderne.devcenter.internal.HclLineCounter{name=visitIdentifier,return=org.openrewrite.hcl.tree.Hcl,parameters=[org.openrewrite.hcl.tree.Hcl$Identifier,io.moderne.devcenter.internal.PrintOrderLineCounter]}",1,0,0,6,2,3.0,0,3,0,38.04,3.2,0.01
src/main/java/io/moderne/devcenter/internal/HclLineCounter.java,io.moderne.devcenter.internal.HclLineCounter,visitIndex,"io.moderne.devcenter.internal.HclLineCounter{name=visitIndex,return=org.openrewrite.hcl.tree.Hcl,parameters=[org.openrewrite.hcl.tree.Hcl$Index,io.moderne.devcenter.internal.PrintOrderLineCounter]}",1,0,0,7,2,5.0,0,5,0,62.27,5.0,0.02
src/main/java/io/moderne/devcenter/internal/HclLineCounter.java,io.moderne.devcenter.internal.HclLineCounter,visitIndexPosition,"io.moderne.devcenter.internal.HclLineCounter{name=visitIndexPosition,return=org.openrewrite.hcl.tree.Hcl,parameters=[org.openrewrite.hcl.tree.Hcl$Index$Position,io.moderne.devcenter.internal.PrintOrderLineCounter]}",1,0,0,8,2,6.0,0,6,0,92.0,4.8,0.02
src/main/java/io/moderne/devcenter/internal/HclLineCounter.java,io.moderne.devcenter.internal.HclLineCounter,visitLegacyIndexAttribute,"io.moderne.devcenter.internal.HclLineCounter{name=visitLegacyIndexAttribute,return=org.openrewrite.hcl.tree.Hcl,parameters=[org.openrewrite.hcl.tree.Hcl$LegacyIndexAttributeAccess,io.moderne.devcenter.internal.PrintOrderLineCounter]}",1,0,0,9,2,7.0,0,7,0,112.37,6.0,0.03
src/main/java/io/moderne/devcenter/internal/HclLineCounter.java,io.moderne.devcenter.internal.HclLineCounter,visitLiteral,"io.moderne.devcenter.internal.HclLineCounter{name=visitLiteral,return=org.openrewrite.hcl.tree.Hcl,parameters=[org.openrewrite.hcl.tree.Hcl$Literal,io.moderne.devcenter.internal.PrintOrderLineCounter]}",1,0,0,6,2,3.0,0,3,0,38.04,3.2,0.01
src/main/java/io/moderne/devcenter/internal/HclLineCounter.java,io.moderne.devcenter.internal.HclLineCounter,visitObjectValue,"io.moderne.devcenter.internal.HclLineCounter{name=visitObjectValue,return=org.openrewrite.hcl.tree.Hcl,parameters=[org.openrewrite.hcl.tree.Hcl$ObjectValue,io.moderne.devcenter.internal.PrintOrderLineCounter]}",1,0,0,6,2,4.0,0,4,0,70.32,3.25,0.01
src/main/java/io/moderne/devcenter/internal/HclLineCounter.java,io.moderne.devcenter.internal.HclLineCounter,visitParentheses,"io.moderne.devcenter.internal.HclLineCounter{name=visitParentheses,return=org.openrewrite.hcl.tree.Hcl,parameters=[org.openrewrite.hcl.tree.Hcl$Parentheses,io.moderne.devcenter.internal.PrintOrderLineCounter]}",1,0,0,8,2,6.0,0,6,0,92.0,4.8,0.02
src/main/java/io/moderne/devcenter/internal/HclLineCounter.java,io.moderne.devcenter.internal.HclLineCounter,visitQuotedTemplate,"io.moderne.devcenter.internal.HclLineCounter{name=visitQuotedTemplate,return=org.openrewrite.hcl.tree.Hcl,parameters=[org.openrewrite.hcl.tree.Hcl$QuotedTemplate,io.moderne.devcenter.internal.PrintOrderLineCounter]}",2,1,1,10,2,5.0,0,5,0,83.76,5.63,0.02
src/main/java/io/moderne/devcenter/internal/HclLineCounter.java,io.moderne.devcenter.internal.HclLineCounter,visitTemplateInterpolation,"io.moderne.devcenter.internal.HclLineCounter{name=visitTemplateInterpolation,return=org.openrewrite.hcl.tree.Hcl,parameters=[org.openrewrite.hcl.tree.Hcl$TemplateInterpolation,io.moderne.devcenter.internal.PrintOrderLineCounter]}",1,0,0,8,2,6.0,0,6,0,92.0,4.8,0.02
src/main/java/io/moderne/devcenter/internal/HclLineCounter.java,io.moderne.devcenter.internal.HclLineCounter,visitSplat,"io.moderne.devcenter.internal.HclLineCounter{name=visitSplat,return=org.openrewrite.hcl.tree.Hcl,parameters=[org.openrewrite.hcl.tree.Hcl$Splat,io.moderne.devcenter.internal.PrintOrderLineCounter]}",1,0,0,7,2,5.0,0,5,0,62.27,5.0,0.02
src/main/java/io/moderne/devcenter/internal/HclLineCounter.java,io.moderne.devcenter.internal.HclLineCounter,visitSplatOperator,"io.moderne.devcenter.internal.HclLineCounter{name=visitSplatOperator,return=org.openrewrite.hcl.tree.Hcl,parameters=[org.openrewrite.hcl.tree.Hcl$Splat$Operator,io.moderne.devcenter.internal.PrintOrderLineCounter]}",2,1,1,13,2,12.04,0,12,1,240.44,9.84,0.06
src/main/java/io/moderne/devcenter/internal/HclLineCounter.java,io.moderne.devcenter.internal.HclLineCounter,visitTuple,"io.moderne.devcenter.internal.HclLineCounter{name=visitTuple,return=org.openrewrite.hcl.tree.Hcl,parameters=[org.openrewrite.hcl.tree.Hcl$Tuple,io.moderne.devcenter.internal.PrintOrderLineCounter]}",1,0,0,6,2,4.0,0,4,0,70.32,3.25,0.01
src/main/java/io/moderne/devcenter/internal/HclLineCounter.java,io.moderne.devcenter.internal.HclLineCounter,visitUnary,"io.moderne.devcenter.internal.HclLineCounter{name=visitUnary,return=org.openrewrite.hcl.tree.Hcl,parameters=[org.openrewrite.hcl.tree.Hcl$Unary,io.moderne.devcenter.internal.PrintOrderLineCounter]}",1,0,0,7,2,4.0,0,4,0,51.89,4.17,0.01
src/main/java/io/moderne/devcenter/internal/HclLineCounter.java,io.moderne.devcenter.internal.HclLineCounter,visitVariableExpression,"io.moderne.devcenter.internal.HclLineCounter{name=visitVariableExpression,return=org.openrewrite.hcl.tree.Hcl,parameters=[org.openrewrite.hcl.tree.Hcl$VariableExpression,io.moderne.devcenter.internal.PrintOrderLineCounter]}",1,0,0,6,2,3.0,0,3,0,38.04,3.2,0.01
src/main/java/io/moderne/devcenter/internal/HclLineCounter.java,io.moderne.devcenter.internal.HclLineCounter,prefix,"io.moderne.devcenter.internal.HclLineCounter{name=prefix,return=void,parameters=[org.openrewrite.hcl.tree.Hcl,io.moderne.devcenter.internal.PrintOrderLineCounter]}",1,0,0,3,2,2.0,0,2,0,28.53,1.0,0.0
src/main/java/io/moderne/devcenter/internal/HclLineCounter.java,io.moderne.devcenter.internal.HclLineCounter,leftPadded,"io.moderne.devcenter.internal.HclLineCounter{name=leftPadded,return=void,parameters=[org.openrewrite.hcl.tree.HclLeftPadded<Generic{? extends org.openrewrite.hcl.tree.Hcl}>,org.openrewrite.hcl.tree.HclLeftPadded$Location,io.moderne.devcenter.internal.PrintOrderLineCounter]}",2,1,1,7,3,6.08,0,6,1,91.74,5.6,0.02
src/main/java/io/moderne/devcenter/internal/HclLineCounter.java,io.moderne.devcenter.internal.HclLineCounter,container,"io.moderne.devcenter.internal.HclLineCounter{name=container,return=void,parameters=[org.openrewrite.hcl.tree.HclContainer<Generic{? extends org.openrewrite.hcl.tree.Hcl}>,org.openrewrite.hcl.tree.HclContainer$Location,boolean,io.moderne.devcenter.internal.PrintOrderLineCounter]}",5,5,2,17,4,18.36,2,18,3,414.27,19.74,0.14
src/main/java/io/moderne/devcenter/internal/IsMavenProject.java,io.moderne.devcenter.internal.IsMavenProject,preVisit,"io.moderne.devcenter.internal.IsMavenProject{name=preVisit,return=org.openrewrite.Tree,parameters=[org.openrewrite.Tree,Generic{P}]}",3,2,1,8,2,5.0,0,5,0,103.73,5.73,0.02
src/main/java/io/moderne/devcenter/internal/JavaLineCounter.java,io.moderne.devcenter.internal.JavaLineCounter,visitSpace,"io.moderne.devcenter.internal.JavaLineCounter{name=visitSpace,return=org.openrewrite.java.tree.Space,parameters=[org.openrewrite.java.tree.Space,org.openrewrite.java.tree.Space$Location,io.moderne.devcenter.internal.Newlines$Counter]}",1,0,0,5,3,1.0,0,1,0,18.09,1.25,0.0
src/main/java/io/moderne/devcenter/internal/JavaLineCounter.java,io.moderne.devcenter.internal.JavaLineCounter,visitLiteral,"io.moderne.devcenter.internal.JavaLineCounter{name=visitLiteral,return=org.openrewrite.java.tree.J,parameters=[org.openrewrite.java.tree.J$Literal,io.moderne.devcenter.internal.Newlines$Counter]}",1,0,0,5,2,3.0,0,3,0,39.86,2.67,0.01
src/main/java/io/moderne/devcenter/internal/JavaLineCounter.java,io.moderne.devcenter.internal.JavaLineCounter,visitUnknownSource,"io.moderne.devcenter.internal.JavaLineCounter{name=visitUnknownSource,return=org.openrewrite.java.tree.J,parameters=[org.openrewrite.java.tree.J$Unknown$Source,io.moderne.devcenter.internal.Newlines$Counter]}",1,0,0,5,2,3.0,0,3,0,39.86,2.67,0.01
src/main/java/io/moderne/devcenter/internal/JavaLineCounter.java,io.moderne.devcenter.internal.JavaLineCounter,visitErroneous,"io.moderne.devcenter.internal.JavaLineCounter{name=visitErroneous,return=org.openrewrite.java.tree.J,parameters=[org.openrewrite.java.tree.J$Erroneous,io.moderne.devcenter.internal.Newlines$Counter]}",1,0,0,5,2,3.0,0,3,0,39.86,2.67,0.01
src/main/java/io/moderne/devcenter/internal/JavaLineCounter.java,io.moderne.devcenter.internal.JavaLineCounter,visitMarker,"io.moderne.devcenter.internal.JavaLineCounter{name=visitMarker,return=Generic{M extends org.openrewrite.marker.Marker},parameters=[org.openrewrite.marker.Marker,io.moderne.devcenter.internal.Newlines$Counter]}",2,1,1,9,2,4.0,0,4,0,94.01,6.67,0.02
src/main/java/io/moderne/devcenter/internal/JavaLineCounter.java,io.moderne.devcenter.internal.JavaLineCounter,visitClassDeclaration,"io.moderne.devcenter.internal.JavaLineCounter{name=visitClassDeclaration,return=org.openrewrite.java.tree.J,parameters=[org.openrewrite.java.tree.J$ClassDeclaration,io.moderne.devcenter.internal.Newlines$Counter]}",2,1,1,11,2,10.0,0,10,0,180.69,8.59,0.04
src/main/java/io/moderne/devcenter/internal/JavaLineCounter.java,io.moderne.devcenter.internal.JavaLineCounter,count,"io.moderne.devcenter.internal.JavaLineCounter{name=count,return=long,parameters=[org.openrewrite.java.tree.J$CompilationUnit]}",1,0,0,5,1,5.1,1,5,0,66.61,3.75,0.01
src/main/java/io/moderne/devcenter/internal/JavaLineCounter.java,io.moderne.devcenter.internal.JavaLineCounter,trailingSpace,"io.moderne.devcenter.internal.JavaLineCounter{name=trailingSpace,return=org.openrewrite.java.tree.Space,parameters=[org.openrewrite.java.tree.J$CompilationUnit]}",5,4,2,11,1,14.35,3,14,1,310.74,12.75,0.08
src/main/java/io/moderne/devcenter/internal/JavaScriptLineCounter.java,io.moderne.devcenter.internal.JavaScriptLineCounter,visitSpace,"io.moderne.devcenter.internal.JavaScriptLineCounter{name=visitSpace,return=org.openrewrite.java.tree.Space,parameters=[org.openrewrite.java.tree.Space,org.openrewrite.java.tree.Space$Location,io.moderne.devcenter.internal.Newlines$Counter]}",1,0,0,5,3,1.0,0,1,0,18.09,1.25,0.0
src/main/java/io/moderne/devcenter/internal/JavaScriptLineCounter.java,io.moderne.devcenter.internal.JavaScriptLineCounter,visitLiteral,"io.moderne.devcenter.internal.JavaScriptLineCounter{name=visitLiteral,return=org.openrewrite.java.tree.J,parameters=[org.openrewrite.java.tree.J$Literal,io.moderne.devcenter.internal.Newlines$Counter]}",1,0,0,5,2,3.0,0,3,0,39.86,2.67,0.01
src/main/java/io/moderne/devcenter/internal/JavaScriptLineCounter.java,io.moderne.devcenter.internal.JavaScriptLineCounter,visitUnknownSource,"io.moderne.devcenter.internal.JavaScriptLineCounter{name=visitUnknownSource,return=org.openrewrite.java.tree.J,parameters=[org.openrewrite.java.tree.J$Unknown$Source,io.moderne.devcenter.internal.Newlines$Counter]}",1,0,0,5,2,3.0,0,3,0,39.86,2.67,0.01
src/main/java/io/moderne/devcenter/internal/JavaScriptLineCounter.java,io.moderne.devcenter.internal.JavaScriptLineCounter,count,"io.moderne.devcenter.internal.JavaScriptLineCounter{name=count,return=long,parameters=[org.openrewrite.javascript.tree.JS$CompilationUnit]}",1,0,0,6,1,5.39,2,5,0,79.95,4.17,0.02
src/main/java/io/moderne/devcenter/internal/JavaScriptModules.java,io.moderne.devcenter.internal.JavaScriptModules,JavaScriptModules,"io.moderne.devcenter.internal.JavaScriptModules{name=<constructor>,return=io.moderne.devcenter.internal.JavaScriptModules,parameters=[]}",1,0,0,2,0,0.0,0,0,0,0.0,0.0,0.0
src/main/java/io/moderne/devcenter/internal/JavaScriptModules.java,io.moderne.devcenter.internal.JavaScriptModules,isModule,"io.moderne.devcenter.internal.JavaScriptModules{name=isModule,return=boolean,parameters=[org.openrewrite.javascript.tree.JS$CompilationUnit]}",4,4,2,14,1,9.22,2,9,0,192.29,8.09,0.04
src/main/java/io/moderne/devcenter/internal/JavaScriptModules.java,io.moderne.devcenter.internal.JavaScriptModules,isEsModuleStatement,"io.moderne.devcenter.internal.JavaScriptModules{name=isEsModuleStatement,return=boolean,parameters=[org.openrewrite.java.tree.Statement]}",6,5,2,12,1,3.0,0,3,0,156.08,6.0,0.03
src/main/java/io/moderne/devcenter/internal/JavaScriptModules.java,io.moderne.devcenter.internal.JavaScriptModules,modifiersOf,"io.moderne.devcenter.internal.JavaScriptModules{name=modifiersOf,return=java.util.List<org.openrewrite.java.tree.J$Modifier>,parameters=[org.openrewrite.java.tree.Statement]}",7,6,1,21,1,7.0,0,7,0,306.56,11.73,0.08
src/main/java/io/moderne/devcenter/internal/JavaScriptModules.java,io.moderne.devcenter.internal.JavaScriptModules$CommonJsFinder,visitMethodInvocation,"io.moderne.devcenter.internal.JavaScriptModules$CommonJsFinder{name=visitMethodInvocation,return=org.openrewrite.java.tree.J$MethodInvocation,parameters=[org.openrewrite.java.tree.J$MethodInvocation,java.util.concurrent.atomic.AtomicBoolean]}",3,2,1,8,2,4.0,0,4,0,76.15,6.0,0.02
src/main/java/io/moderne/devcenter/internal/JavaScriptModules.java,io.moderne.devcenter.internal.JavaScriptModules$CommonJsFinder,visitAssignment,"io.moderne.devcenter.internal.JavaScriptModules$CommonJsFinder{name=visitAssignment,return=org.openrewrite.java.tree.J$Assignment,parameters=[org.openrewrite.java.tree.J$Assignment,java.util.concurrent.atomic.AtomicBoolean]}",3,2,1,8,2,5.0,0,5,0,88.0,6.5,0.02
src/main/java/io/moderne/devcenter/internal/JavaScriptModules.java,io.moderne.devcenter.internal.JavaScriptModules$CommonJsFinder,visitMethodDeclaration,"io.moderne.devcenter.internal.JavaScriptModules$CommonJsFinder{name=visitMethodDeclaration,return=org.openrewrite.java.tree.J$MethodDeclaration,parameters=[org.openrewrite.java.tree.J$MethodDeclaration,java.util.concurrent.atomic.AtomicBoolean]}",1,0,0,4,2,0.0,0,0,0,2.0,0.5,0.0
src/main/java/io/moderne/devcenter/internal/JavaScriptModules.java,io.moderne.devcenter.internal.JavaScriptModules$CommonJsFinder,visitLambda,"io.moderne.devcenter.internal.JavaScriptModules$CommonJsFinder{name=visitLambda,return=org.openrewrite.java.tree.J$Lambda,parameters=[org.openrewrite.java.tree.J$Lambda,java.util.concurrent.atomic.AtomicBoolean]}",1,0,0,4,2,0.0,0,0,0,2.0,0.5,0.0
src/main/java/io/moderne/devcenter/internal/JavaScriptModules.java,io.moderne.devcenter.internal.JavaScriptModules$CommonJsFinder,visitClassDeclaration,"io.moderne.devcenter.internal.JavaScriptModules$CommonJsFinder{name=visitClassDeclaration,return=org.openrewrite.java.tree.J$ClassDeclaration,parameters=[org.openrewrite.java.tree.J$ClassDeclaration,java.util.concurrent.atomic.AtomicBoolean]}",1,0,0,4,2,0.0,0,0,0,2.0,0.5,0.0
src/main/java/io/moderne/devcenter/internal/JavaScriptModules.java,io.moderne.devcenter.internal.JavaScriptModules$CommonJsFinder,visitArrowFunction,"io.moderne.devcenter.internal.JavaScriptModules$CommonJsFinder{name=visitArrowFunction,return=org.openrewrite.javascript.tree.JS$ArrowFunction,parameters=[org.openrewrite.javascript.tree.JS$ArrowFunction,java.util.concurrent.atomic.AtomicBoolean]}",1,0,0,4,2,0.0,0,0,0,2.0,0.5,0.0
src/main/java/io/moderne/devcenter/internal/JavaScriptModules.java,io.moderne.devcenter.internal.JavaScriptModules$CommonJsFinder,visitComputedPropertyMethodDeclaration,"io.moderne.devcenter.internal.JavaScriptModules$CommonJsFinder{name=visitComputedPropertyMethodDeclaration,return=org.openrewrite.javascript.tree.JS$ComputedPropertyMethodDeclaration,parameters=[org.openrewrite.javascript.tree.JS$ComputedPropertyMethodDeclaration,java.util.concurrent.atomic.AtomicBoolean]}",1,0,0,4,2,0.0,0,0,0,2.0,0.5,0.0
src/main/java/io/moderne/devcenter/internal/JavaScriptModules.java,io.moderne.devcenter.internal.JavaScriptModules$CommonJsFinder,isRequireCall,"io.moderne.devcenter.internal.JavaScriptModules$CommonJsFinder{name=isRequireCall,return=boolean,parameters=[org.openrewrite.java.tree.J$MethodInvocation]}",5,3,1,8,1,8.6,1,8,3,246.21,11.79,0.07
src/main/java/io/moderne/devcenter/internal/JavaScriptModules.java,io.moderne.devcenter.internal.JavaScriptModules$CommonJsFinder,isExportsTarget,"io.moderne.devcenter.internal.JavaScriptModules$CommonJsFinder{name=isExportsTarget,return=boolean,parameters=[org.openrewrite.java.tree.Expression]}",9,10,3,18,1,8.06,4,7,0,381.47,18.06,0.12
src/main/java/io/moderne/devcenter/internal/JsonLineCounter.java,io.moderne.devcenter.internal.JsonLineCounter,JsonLineCounter,"io.moderne.devcenter.internal.JsonLineCounter{name=<constructor>,return=io.moderne.devcenter.internal.JsonLineCounter,parameters=[]}",1,0,0,2,0,0.0,0,0,0,0.0,0.0,0.0
src/main/java/io/moderne/devcenter/internal/JsonLineCounter.java,io.moderne.devcenter.internal.JsonLineCounter,count,"io.moderne.devcenter.internal.JsonLineCounter{name=count,return=long,parameters=[org.openrewrite.json.tree.Json$Document]}",1,0,0,7,1,8.06,1,8,0,106.27,7.56,0.03
src/main/java/io/moderne/devcenter/internal/JsonLineCounter.java,io.moderne.devcenter.internal.JsonLineCounter,node,"io.moderne.devcenter.internal.JsonLineCounter{name=node,return=void,parameters=[org.openrewrite.json.tree.Json]}",3,10,1,26,1,25.1,2,25,1,633.22,27.06,0.22
src/main/java/io/moderne/devcenter/internal/JsonLineCounter.java,io.moderne.devcenter.internal.JsonLineCounter,elements,"io.moderne.devcenter.internal.JsonLineCounter{name=elements,return=void,parameters=[java.util.List<Generic{? extends org.openrewrite.json.tree.JsonRightPadded<Generic{? extends org.openrewrite.json.tree.Json}>}>]}",3,3,2,10,1,8.49,2,8,2,173.92,9.86,0.05
src/main/java/io/moderne/devcenter/internal/JsonLineCounter.java,io.moderne.devcenter.internal.JsonLineCounter,space,"io.moderne.devcenter.internal.JsonLineCounter{name=space,return=void,parameters=[org.openrewrite.json.tree.Space]}",4,4,2,14,1,10.05,0,10,1,151.62,9.5,0.04
src/main/java/io/moderne/devcenter/internal/KotlinLineCounter.java,io.moderne.devcenter.internal.KotlinLineCounter,KotlinLineCounter,"io.moderne.devcenter.internal.KotlinLineCounter{name=<constructor>,return=io.moderne.devcenter.internal.KotlinLineCounter,parameters=[]}",1,0,0,2,0,0.0,0,0,0,0.0,0.0,0.0
src/main/java/io/moderne/devcenter/internal/KotlinLineCounter.java,io.moderne.devcenter.internal.KotlinLineCounter,count,"io.moderne.devcenter.internal.KotlinLineCounter{name=count,return=long,parameters=[org.openrewrite.kotlin.tree.K$CompilationUnit]}",1,0,0,5,1,5.1,1,5,0,66.61,3.75,0.01
src/main/java/io/moderne/devcenter/internal/KotlinLineCounter.java,io.moderne.devcenter.internal.KotlinLineCounter,preVisit,"io.moderne.devcenter.internal.KotlinLineCounter{name=preVisit,return=org.openrewrite.java.tree.J,parameters=[org.openrewrite.java.tree.J,io.moderne.devcenter.internal.Newlines$Counter]}",3,2,1,7,2,1.73,1,1,1,48.43,4.8,0.01
src/main/java/io/moderne/devcenter/internal/KotlinLineCounter.java,io.moderne.devcenter.internal.KotlinLineCounter,printsSyntax,"io.moderne.devcenter.internal.KotlinLineCounter{name=printsSyntax,return=boolean,parameters=[org.openrewrite.java.tree.J]}",9,3,1,9,1,7.62,0,7,3,317.07,9.05,0.07
src/main/java/io/moderne/devcenter/internal/KotlinLineCounter.java,io.moderne.devcenter.internal.KotlinLineCounter,visitSpace,"io.moderne.devcenter.internal.KotlinLineCounter{name=visitSpace,return=org.openrewrite.java.tree.Space,parameters=[org.openrewrite.java.tree.Space,org.openrewrite.java.tree.Space$Location,io.moderne.devcenter.internal.Newlines$Counter]}",1,0,0,5,3,1.0,0,1,0,18.09,1.25,0.0
src/main/java/io/moderne/devcenter/internal/KotlinLineCounter.java,io.moderne.devcenter.internal.KotlinLineCounter,visitLiteral,"io.moderne.devcenter.internal.KotlinLineCounter{name=visitLiteral,return=org.openrewrite.java.tree.J,parameters=[org.openrewrite.java.tree.J$Literal,io.moderne.devcenter.internal.Newlines$Counter]}",1,0,0,6,2,3.0,0,3,0,43.19,3.0,0.01
src/main/java/io/moderne/devcenter/internal/KotlinLineCounter.java,io.moderne.devcenter.internal.KotlinLineCounter,visitUnknownSource,"io.moderne.devcenter.internal.KotlinLineCounter{name=visitUnknownSource,return=org.openrewrite.java.tree.J,parameters=[org.openrewrite.java.tree.J$Unknown$Source,io.moderne.devcenter.internal.Newlines$Counter]}",1,0,0,6,2,3.0,0,3,0,43.19,3.0,0.01
src/main/java/io/moderne/devcenter/internal/KotlinLineCounter.java,io.moderne.devcenter.internal.KotlinLineCounter,visitErroneous,"io.moderne.devcenter.internal.KotlinLineCounter{name=visitErroneous,return=org.openrewrite.java.tree.J,parameters=[org.openrewrite.java.tree.J$Erroneous,io.moderne.devcenter.internal.Newlines$Counter]}",1,0,0,6,2,3.0,0,3,0,43.19,3.0,0.01
src/main/java/io/moderne/devcenter/internal/KotlinLineCounter.java,io.moderne.devcenter.internal.KotlinLineCounter,visitMarker,"io.moderne.devcenter.internal.KotlinLineCounter{name=visitMarker,return=Generic{M extends org.openrewrite.marker.Marker},parameters=[org.openrewrite.marker.Marker,io.moderne.devcenter.internal.Newlines$Counter]}",2,1,1,9,2,2.0,0,2,0,62.91,4.29,0.01
src/main/java/io/moderne/devcenter/internal/KotlinLineCounter.java,io.moderne.devcenter.internal.KotlinLineCounter,visitCompilationUnit,"io.moderne.devcenter.internal.KotlinLineCounter{name=visitCompilationUnit,return=org.openrewrite.java.tree.J,parameters=[org.openrewrite.kotlin.tree.K$CompilationUnit,io.moderne.devcenter.internal.Newlines$Counter]}",3,2,1,15,2,18.0,0,18,0,366.68,14.46,0.1
src/main/java/io/moderne/devcenter/internal/KotlinLineCounter.java,io.moderne.devcenter.internal.KotlinLineCounter,visitBinary,"io.moderne.devcenter.internal.KotlinLineCounter{name=visitBinary,return=org.openrewrite.java.tree.J,parameters=[org.openrewrite.kotlin.tree.K$Binary,io.moderne.devcenter.internal.Newlines$Counter]}",1,0,0,6,2,3.0,0,3,0,53.77,2.75,0.01
src/main/java/io/moderne/devcenter/internal/KotlinLineCounter.java,io.moderne.devcenter.internal.KotlinLineCounter,visitBlock,"io.moderne.devcenter.internal.KotlinLineCounter{name=visitBlock,return=org.openrewrite.java.tree.J,parameters=[org.openrewrite.java.tree.J$Block,io.moderne.devcenter.internal.Newlines$Counter]}",4,4,2,16,2,15.07,1,15,1,329.96,15.52,0.1
src/main/java/io/moderne/devcenter/internal/KotlinLineCounter.java,io.moderne.devcenter.internal.KotlinLineCounter,visitClassDeclaration,"io.moderne.devcenter.internal.KotlinLineCounter{name=visitClassDeclaration,return=org.openrewrite.java.tree.J,parameters=[org.openrewrite.kotlin.tree.K$ClassDeclaration,io.moderne.devcenter.internal.Newlines$Counter]}",1,0,0,5,2,3.0,0,3,0,33.0,3.5,0.01
src/main/java/io/moderne/devcenter/internal/KotlinLineCounter.java,io.moderne.devcenter.internal.KotlinLineCounter,visitClassDeclaration,"io.moderne.devcenter.internal.KotlinLineCounter{name=visitClassDeclaration,return=org.openrewrite.java.tree.J,parameters=[org.openrewrite.java.tree.J$ClassDeclaration,io.moderne.devcenter.internal.Newlines$Counter]}",1,0,0,5,2,1.0,0,1,0,18.09,1.25,0.0
src/main/java/io/moderne/devcenter/internal/KotlinLineCounter.java,io.moderne.devcenter.internal.KotlinLineCounter,classDeclaration,"io.moderne.devcenter.internal.KotlinLineCounter{name=classDeclaration,return=void,parameters=[org.openrewrite.java.tree.J$ClassDeclaration,org.openrewrite.kotlin.tree.K$TypeConstraints,io.moderne.devcenter.internal.Newlines$Counter]}",8,9,3,32,3,45.14,2,45,3,1008.56,38.78,0.38
src/main/java/io/moderne/devcenter/internal/KotlinLineCounter.java,io.moderne.devcenter.internal.KotlinLineCounter,visitConstructor,"io.moderne.devcenter.internal.KotlinLineCounter{name=visitConstructor,return=org.openrewrite.java.tree.J,parameters=[org.openrewrite.kotlin.tree.K$Constructor,io.moderne.devcenter.internal.Newlines$Counter]}",1,0,0,12,2,17.03,1,17,0,295.07,12.38,0.08
src/main/java/io/moderne/devcenter/internal/KotlinLineCounter.java,io.moderne.devcenter.internal.KotlinLineCounter,visitConstructorInvocation,"io.moderne.devcenter.internal.KotlinLineCounter{name=visitConstructorInvocation,return=org.openrewrite.java.tree.J,parameters=[org.openrewrite.kotlin.tree.K$ConstructorInvocation,io.moderne.devcenter.internal.Newlines$Counter]}",1,0,0,7,2,8.0,0,8,0,106.2,7.2,0.03
src/main/java/io/moderne/devcenter/internal/KotlinLineCounter.java,io.moderne.devcenter.internal.KotlinLineCounter,visitDestructuringDeclaration,"io.moderne.devcenter.internal.KotlinLineCounter{name=visitDestructuringDeclaration,return=org.openrewrite.java.tree.J,parameters=[org.openrewrite.kotlin.tree.K$DestructuringDeclaration,io.moderne.devcenter.internal.Newlines$Counter]}",4,4,2,21,2,25.26,3,25,2,571.62,21.06,0.18
src/main/java/io/moderne/devcenter/internal/KotlinLineCounter.java,io.moderne.devcenter.internal.KotlinLineCounter,visitFunctionType,"io.moderne.devcenter.internal.KotlinLineCounter{name=visitFunctionType,return=org.openrewrite.java.tree.J,parameters=[org.openrewrite.kotlin.tree.K$FunctionType,io.moderne.devcenter.internal.Newlines$Counter]}",2,1,1,14,2,19.03,0,19,1,338.27,18.0,0.11
src/main/java/io/moderne/devcenter/internal/KotlinLineCounter.java,io.moderne.devcenter.internal.KotlinLineCounter,visitFunctionTypeParameter,"io.moderne.devcenter.internal.KotlinLineCounter{name=visitFunctionTypeParameter,return=org.openrewrite.java.tree.J,parameters=[org.openrewrite.kotlin.tree.K$FunctionType$Parameter,io.moderne.devcenter.internal.Newlines$Counter]}",2,1,1,9,2,7.07,0,7,1,104.0,8.0,0.03
src/main/java/io/moderne/devcenter/internal/KotlinLineCounter.java,io.moderne.devcenter.internal.KotlinLineCounter,visitIdentifier,"io.moderne.devcenter.internal.KotlinLineCounter{name=visitIdentifier,return=org.openrewrite.java.tree.J,parameters=[org.openrewrite.java.tree.J$Identifier,io.moderne.devcenter.internal.Newlines$Counter]}",2,1,1,8,2,4.12,0,4,1,62.91,5.83,0.02
src/main/java/io/moderne/devcenter/internal/KotlinLineCounter.java,io.moderne.devcenter.internal.KotlinLineCounter,visitImport,"io.moderne.devcenter.internal.KotlinLineCounter{name=visitImport,return=org.openrewrite.java.tree.J,parameters=[org.openrewrite.java.tree.J$Import,io.moderne.devcenter.internal.Newlines$Counter]}",3,2,1,12,2,11.22,2,11,1,283.39,12.39,0.08
src/main/java/io/moderne/devcenter/internal/KotlinLineCounter.java,io.moderne.devcenter.internal.KotlinLineCounter,visitLambda,"io.moderne.devcenter.internal.KotlinLineCounter{name=visitLambda,return=org.openrewrite.java.tree.J,parameters=[org.openrewrite.java.tree.J$Lambda,io.moderne.devcenter.internal.Newlines$Counter]}",4,3,1,14,2,17.29,1,17,3,372.53,15.33,0.11
src/main/java/io/moderne/devcenter/internal/KotlinLineCounter.java,io.moderne.devcenter.internal.KotlinLineCounter,visitLambdaParameters,"io.moderne.devcenter.internal.KotlinLineCounter{name=visitLambdaParameters,return=org.openrewrite.java.tree.J,parameters=[org.openrewrite.java.tree.J$Lambda$Parameters,io.moderne.devcenter.internal.Newlines$Counter]}",1,0,0,5,2,1.0,0,1,0,13.93,1.33,0.0
src/main/java/io/moderne/devcenter/internal/KotlinLineCounter.java,io.moderne.devcenter.internal.KotlinLineCounter,lambdaParameters,"io.moderne.devcenter.internal.KotlinLineCounter{name=lambdaParameters,return=void,parameters=[org.openrewrite.java.tree.J$Lambda$Parameters,io.moderne.devcenter.internal.Newlines$Counter]}",5,7,2,18,2,16.0,0,16,0,391.12,19.32,0.13
src/main/java/io/moderne/devcenter/internal/KotlinLineCounter.java,io.moderne.devcenter.internal.KotlinLineCounter,visitMethodDeclaration,"io.moderne.devcenter.internal.KotlinLineCounter{name=visitMethodDeclaration,return=org.openrewrite.java.tree.J,parameters=[org.openrewrite.kotlin.tree.K$MethodDeclaration,io.moderne.devcenter.internal.Newlines$Counter]}",1,0,0,6,2,4.0,0,4,0,46.51,4.5,0.01
src/main/java/io/moderne/devcenter/internal/KotlinLineCounter.java,io.moderne.devcenter.internal.KotlinLineCounter,visitMethodDeclaration,"io.moderne.devcenter.internal.KotlinLineCounter{name=visitMethodDeclaration,return=org.openrewrite.java.tree.J,parameters=[org.openrewrite.java.tree.J$MethodDeclaration,io.moderne.devcenter.internal.Newlines$Counter]}",1,0,0,5,2,1.0,0,1,0,20.68,1.5,0.0
src/main/java/io/moderne/devcenter/internal/KotlinLineCounter.java,io.moderne.devcenter.internal.KotlinLineCounter,methodDeclaration,"io.moderne.devcenter.internal.KotlinLineCounter{name=methodDeclaration,return=void,parameters=[org.openrewrite.java.tree.J$MethodDeclaration,org.openrewrite.kotlin.tree.K$TypeConstraints,org.openrewrite.kotlin.tree.K$ContextParameters,io.moderne.devcenter.internal.Newlines$Counter]}",10,10,2,36,4,50.25,3,50,4,1126.55,43.18,0.44
src/main/java/io/moderne/devcenter/internal/KotlinLineCounter.java,io.moderne.devcenter.internal.KotlinLineCounter,visitMethodInvocation,"io.moderne.devcenter.internal.KotlinLineCounter{name=visitMethodInvocation,return=org.openrewrite.java.tree.J,parameters=[org.openrewrite.java.tree.J$MethodInvocation,io.moderne.devcenter.internal.Newlines$Counter]}",2,1,1,11,2,15.03,0,15,1,237.09,13.65,0.07
src/main/java/io/moderne/devcenter/internal/KotlinLineCounter.java,io.moderne.devcenter.internal.KotlinLineCounter,visitNewClass,"io.moderne.devcenter.internal.KotlinLineCounter{name=visitNewClass,return=org.openrewrite.java.tree.J,parameters=[org.openrewrite.java.tree.J$NewClass,io.moderne.devcenter.internal.Newlines$Counter]}",1,0,0,11,2,15.0,0,15,0,245.0,12.83,0.07
src/main/java/io/moderne/devcenter/internal/KotlinLineCounter.java,io.moderne.devcenter.internal.KotlinLineCounter,visitProperty,"io.moderne.devcenter.internal.KotlinLineCounter{name=visitProperty,return=org.openrewrite.java.tree.J,parameters=[org.openrewrite.kotlin.tree.K$Property,io.moderne.devcenter.internal.Newlines$Counter]}",8,10,2,52,2,74.79,9,74,6,1877.96,65.46,0.82
src/main/java/io/moderne/devcenter/internal/KotlinLineCounter.java,io.moderne.devcenter.internal.KotlinLineCounter,visitReturn,"io.moderne.devcenter.internal.KotlinLineCounter{name=visitReturn,return=org.openrewrite.java.tree.J,parameters=[org.openrewrite.kotlin.tree.K$Return,io.moderne.devcenter.internal.Newlines$Counter]}",2,2,1,12,2,8.12,1,8,1,145.95,9.2,0.04
src/main/java/io/moderne/devcenter/internal/KotlinLineCounter.java,io.moderne.devcenter.internal.KotlinLineCounter,visitStringTemplateExpression,"io.moderne.devcenter.internal.KotlinLineCounter{name=visitStringTemplateExpression,return=org.openrewrite.java.tree.J,parameters=[org.openrewrite.kotlin.tree.K$StringTemplate$Expression,io.moderne.devcenter.internal.Newlines$Counter]}",2,1,1,9,2,8.0,0,8,0,135.71,7.69,0.03
src/main/java/io/moderne/devcenter/internal/KotlinLineCounter.java,io.moderne.devcenter.internal.KotlinLineCounter,visitTypeAlias,"io.moderne.devcenter.internal.KotlinLineCounter{name=visitTypeAlias,return=org.openrewrite.java.tree.J,parameters=[org.openrewrite.kotlin.tree.K$TypeAlias,io.moderne.devcenter.internal.Newlines$Counter]}",2,1,1,14,2,19.05,1,19,1,328.27,17.68,0.11
src/main/java/io/moderne/devcenter/internal/KotlinLineCounter.java,io.moderne.devcenter.internal.KotlinLineCounter,visitTypeCast,"io.moderne.devcenter.internal.KotlinLineCounter{name=visitTypeCast,return=org.openrewrite.java.tree.J,parameters=[org.openrewrite.java.tree.J$TypeCast,io.moderne.devcenter.internal.Newlines$Counter]}",1,0,0,9,2,7.07,1,7,0,118.54,5.73,0.03
src/main/java/io/moderne/devcenter/internal/KotlinLineCounter.java,io.moderne.devcenter.internal.KotlinLineCounter,visitTypeParameter,"io.moderne.devcenter.internal.KotlinLineCounter{name=visitTypeParameter,return=org.openrewrite.java.tree.J,parameters=[org.openrewrite.java.tree.J$TypeParameter,io.moderne.devcenter.internal.Newlines$Counter]}",4,3,1,15,2,16.28,0,16,3,279.69,19.43,0.1
src/main/java/io/moderne/devcenter/internal/KotlinLineCounter.java,io.moderne.devcenter.internal.KotlinLineCounter,visitUnary,"io.moderne.devcenter.internal.KotlinLineCounter{name=visitUnary,return=org.openrewrite.java.tree.J,parameters=[org.openrewrite.java.tree.J$Unary,io.moderne.devcenter.internal.Newlines$Counter]}",4,2,1,11,2,8.25,0,8,2,218.26,11.79,0.06
src/main/java/io/moderne/devcenter/internal/KotlinLineCounter.java,io.moderne.devcenter.internal.KotlinLineCounter,visitVariableDeclarations,"io.moderne.devcenter.internal.KotlinLineCounter{name=visitVariableDeclarations,return=org.openrewrite.java.tree.J,parameters=[org.openrewrite.java.tree.J$VariableDeclarations,io.moderne.devcenter.internal.Newlines$Counter]}",3,3,2,19,2,21.12,2,21,1,483.28,19.13,0.15
src/main/java/io/moderne/devcenter/internal/KotlinLineCounter.java,io.moderne.devcenter.internal.KotlinLineCounter,visitVariable,"io.moderne.devcenter.internal.KotlinLineCounter{name=visitVariable,return=org.openrewrite.java.tree.J,parameters=[org.openrewrite.java.tree.J$VariableDeclarations$NamedVariable,io.moderne.devcenter.internal.Newlines$Counter]}",3,2,1,13,2,13.19,1,13,2,250.0,12.44,0.07
src/main/java/io/moderne/devcenter/internal/KotlinLineCounter.java,io.moderne.devcenter.internal.KotlinLineCounter,visitWhenBranch,"io.moderne.devcenter.internal.KotlinLineCounter{name=visitWhenBranch,return=org.openrewrite.java.tree.J,parameters=[org.openrewrite.kotlin.tree.K$WhenBranch,io.moderne.devcenter.internal.Newlines$Counter]}",3,2,1,16,2,18.14,2,18,1,404.0,18.0,0.13
src/main/java/io/moderne/devcenter/internal/KotlinLineCounter.java,io.moderne.devcenter.internal.KotlinLineCounter,visitWildcard,"io.moderne.devcenter.internal.KotlinLineCounter{name=visitWildcard,return=org.openrewrite.java.tree.J,parameters=[org.openrewrite.java.tree.J$Wildcard,io.moderne.devcenter.internal.Newlines$Counter]}",1,0,0,6,2,3.0,0,3,0,38.04,3.2,0.01
src/main/java/io/moderne/devcenter/internal/KotlinLineCounter.java,io.moderne.devcenter.internal.KotlinLineCounter,arguments,"io.moderne.devcenter.internal.KotlinLineCounter{name=arguments,return=void,parameters=[org.openrewrite.java.tree.JContainer<org.openrewrite.java.tree.Expression>,io.moderne.devcenter.internal.Newlines$Counter]}",4,5,2,14,2,15.65,4,15,2,425.43,18.2,0.13
src/main/java/io/moderne/devcenter/internal/KotlinLineCounter.java,io.moderne.devcenter.internal.KotlinLineCounter,parameters,"io.moderne.devcenter.internal.KotlinLineCounter{name=parameters,return=void,parameters=[org.openrewrite.java.tree.JContainer<org.openrewrite.java.tree.Statement>,int,io.moderne.devcenter.internal.Newlines$Counter]}",3,3,2,10,3,10.63,3,10,2,234.02,12.24,0.07
src/main/java/io/moderne/devcenter/internal/KotlinLineCounter.java,io.moderne.devcenter.internal.KotlinLineCounter,container,"io.moderne.devcenter.internal.KotlinLineCounter{name=container,return=void,parameters=[org.openrewrite.java.tree.JContainer<Generic{? extends org.openrewrite.java.tree.J}>,io.moderne.devcenter.internal.Newlines$Counter]}",3,3,2,8,2,6.08,0,6,1,114.2,6.38,0.03
src/main/java/io/moderne/devcenter/internal/KotlinLineCounter.java,io.moderne.devcenter.internal.KotlinLineCounter,rightPadded,"io.moderne.devcenter.internal.KotlinLineCounter{name=rightPadded,return=void,parameters=[org.openrewrite.java.tree.JRightPadded<Generic{? extends org.openrewrite.java.tree.J}>,io.moderne.devcenter.internal.Newlines$Counter]}",2,1,1,7,2,6.08,0,6,1,108.05,5.67,0.02
src/main/java/io/moderne/devcenter/internal/KotlinLineCounter.java,io.moderne.devcenter.internal.KotlinLineCounter,typeReferencePrefix,"io.moderne.devcenter.internal.KotlinLineCounter{name=typeReferencePrefix,return=void,parameters=[org.openrewrite.marker.Markers,io.moderne.devcenter.internal.Newlines$Counter]}",1,0,0,4,2,4.0,0,4,0,73.57,2.71,0.01
src/main/java/io/moderne/devcenter/internal/KotlinLineCounter.java,io.moderne.devcenter.internal.KotlinLineCounter,beforeSyntax,"io.moderne.devcenter.internal.KotlinLineCounter{name=beforeSyntax,return=void,parameters=[org.openrewrite.java.tree.J,io.moderne.devcenter.internal.Newlines$Counter]}",1,0,0,3,2,3.0,0,3,0,27.0,1.8,0.0
src/main/java/io/moderne/devcenter/internal/KotlinLineCounter.java,io.moderne.devcenter.internal.KotlinLineCounter,beforeSyntax,"io.moderne.devcenter.internal.KotlinLineCounter{name=beforeSyntax,return=void,parameters=[org.openrewrite.java.tree.Space,org.openrewrite.marker.Markers,io.moderne.devcenter.internal.Newlines$Counter]}",1,0,0,4,3,2.0,0,2,0,36.54,1.13,0.0
src/main/java/io/moderne/devcenter/internal/KotlinLineCounter.java,io.moderne.devcenter.internal.KotlinLineCounter,isImplicit,"io.moderne.devcenter.internal.KotlinLineCounter{name=isImplicit,return=boolean,parameters=[org.openrewrite.java.tree.J]}",1,0,0,3,1,3.0,0,3,0,33.22,2.0,0.01
src/main/java/io/moderne/devcenter/internal/LineCounters.java,io.moderne.devcenter.internal.LineCounters,LineCounters,"io.moderne.devcenter.internal.LineCounters{name=<constructor>,return=io.moderne.devcenter.internal.LineCounters,parameters=[]}",1,0,0,2,0,0.0,0,0,0,0.0,0.0,0.0
src/main/java/io/moderne/devcenter/internal/LineCounters.java,io.moderne.devcenter.internal.LineCounters,supports,"io.moderne.devcenter.internal.LineCounters{name=supports,return=boolean,parameters=[org.openrewrite.SourceFile]}",1,0,0,3,1,2.0,0,2,0,15.51,1.5,0.0
src/main/java/io/moderne/devcenter/internal/LineCounters.java,io.moderne.devcenter.internal.LineCounters,supports,"io.moderne.devcenter.internal.LineCounters{name=supports,return=boolean,parameters=[java.lang.Class<Generic{?}>]}",1,0,0,3,1,2.0,0,2,0,19.65,1.5,0.0
src/main/java/io/moderne/devcenter/internal/LineCounters.java,io.moderne.devcenter.internal.LineCounters,count,"io.moderne.devcenter.internal.LineCounters{name=count,return=long,parameters=[org.openrewrite.SourceFile]}",22,1,1,48,1,24.0,0,24,0,1397.25,7.58,0.16
src/main/java/io/moderne/devcenter/internal/Newlines.java,io.moderne.devcenter.internal.Newlines,Newlines,"io.moderne.devcenter.internal.Newlines{name=<constructor>,return=io.moderne.devcenter.internal.Newlines,parameters=[]}",1,0,0,2,0,0.0,0,0,0,0.0,0.0,0.0
src/main/java/io/moderne/devcenter/internal/Newlines.java,io.moderne.devcenter.internal.Newlines,countNewlines,"io.moderne.devcenter.internal.Newlines{name=countNewlines,return=int,parameters=[java.lang.String]}",5,5,2,12,1,5.2,3,3,3,151.27,10.5,0.05
src/main/java/io/moderne/devcenter/internal/Newlines.java,io.moderne.devcenter.internal.Newlines,addText,"io.moderne.devcenter.internal.Newlines{name=addText,return=void,parameters=[io.moderne.devcenter.internal.Newlines$Counter,java.lang.String]}",3,2,1,6,2,3.46,2,2,2,76.0,5.5,0.02
src/main/java/io/moderne/devcenter/internal/Newlines.java,io.moderne.devcenter.internal.Newlines,addSpace,"io.moderne.devcenter.internal.Newlines{name=addSpace,return=void,parameters=[io.moderne.devcenter.internal.Newlines$Counter,org.openrewrite.java.tree.Space]}",2,1,1,10,2,9.49,5,8,1,215.9,10.33,0.06
src/main/java/io/moderne/devcenter/internal/Newlines.java,io.moderne.devcenter.internal.Newlines,commentNewlines,"io.moderne.devcenter.internal.Newlines{name=commentNewlines,return=int,parameters=[org.openrewrite.java.tree.Comment]}",5,4,1,25,1,8.25,2,8,0,259.32,11.67,0.07
src/main/java/io/moderne/devcenter/internal/Newlines.java,io.moderne.devcenter.internal.Newlines$JavadocNewlineCounter,JavadocNewlineCounter,"io.moderne.devcenter.internal.Newlines$JavadocNewlineCounter{name=<constructor>,return=io.moderne.devcenter.internal.Newlines$JavadocNewlineCounter,parameters=[]}",1,0,0,3,0,2.0,0,2,0,4.75,1.0,0.0
src/main/java/io/moderne/devcenter/internal/Newlines.java,io.moderne.devcenter.internal.Newlines$JavadocNewlineCounter,visitLineBreak,"io.moderne.devcenter.internal.Newlines$JavadocNewlineCounter{name=visitLineBreak,return=org.openrewrite.java.tree.Javadoc,parameters=[org.openrewrite.java.tree.Javadoc$LineBreak,int[]]}",1,0,0,5,2,3.16,1,3,0,44.97,3.33,0.01
src/main/java/io/moderne/devcenter/internal/Newlines.java,io.moderne.devcenter.internal.Newlines$JavadocNewlineCounter,visitText,"io.moderne.devcenter.internal.Newlines$JavadocNewlineCounter{name=visitText,return=org.openrewrite.java.tree.Javadoc,parameters=[org.openrewrite.java.tree.Javadoc$Text,int[]]}",1,0,0,5,2,3.16,1,3,0,44.97,3.33,0.01
src/main/java/io/moderne/devcenter/internal/Newlines.java,io.moderne.devcenter.internal.Newlines$CsDocCommentNewlineCounter,CsDocCommentNewlineCounter,"io.moderne.devcenter.internal.Newlines$CsDocCommentNewlineCounter{name=<constructor>,return=io.moderne.devcenter.internal.Newlines$CsDocCommentNewlineCounter,parameters=[]}",1,0,0,3,0,2.0,0,2,0,4.75,1.0,0.0
src/main/java/io/moderne/devcenter/internal/Newlines.java,io.moderne.devcenter.internal.Newlines$CsDocCommentNewlineCounter,visitLineBreak,"io.moderne.devcenter.internal.Newlines$CsDocCommentNewlineCounter{name=visitLineBreak,return=org.openrewrite.csharp.tree.CsDocComment,parameters=[org.openrewrite.csharp.tree.CsDocComment$LineBreak,int[]]}",1,0,0,5,2,3.16,1,3,0,44.97,3.33,0.01
src/main/java/io/moderne/devcenter/internal/Newlines.java,io.moderne.devcenter.internal.Newlines$CsDocCommentNewlineCounter,visitXmlText,"io.moderne.devcenter.internal.Newlines$CsDocCommentNewlineCounter{name=visitXmlText,return=org.openrewrite.csharp.tree.CsDocComment,parameters=[org.openrewrite.csharp.tree.CsDocComment$XmlText,int[]]}",1,0,0,5,2,3.16,1,3,0,44.97,3.33,0.01
src/main/java/io/moderne/devcenter/internal/Newlines.java,io.moderne.devcenter.internal.Newlines,lineCount,"io.moderne.devcenter.internal.Newlines{name=lineCount,return=long,parameters=[io.moderne.devcenter.internal.Newlines$Counter,org.openrewrite.java.tree.Space]}",8,5,1,9,2,6.4,0,5,4,194.51,12.55,0.06
src/main/java/io/moderne/devcenter/internal/Newlines.java,io.moderne.devcenter.internal.Newlines,lineCount,"io.moderne.devcenter.internal.Newlines{name=lineCount,return=long,parameters=[io.moderne.devcenter.internal.Newlines$Counter,boolean]}",4,3,1,6,2,2.0,0,0,2,74.01,7.0,0.02
src/main/java/io/moderne/devcenter/internal/Newlines.java,io.moderne.devcenter.internal.Newlines,lineCount,"io.moderne.devcenter.internal.Newlines{name=lineCount,return=long,parameters=[java.lang.String]}",3,2,1,6,1,4.12,0,4,1,100.08,8.13,0.03
src/main/java/io/moderne/devcenter/internal/Newlines.java,io.moderne.devcenter.internal.Newlines,endsWithNewline,"io.moderne.devcenter.internal.Newlines{name=endsWithNewline,return=boolean,parameters=[org.openrewrite.java.tree.Space]}",11,10,1,25,1,23.43,4,23,2,742.8,28.57,0.26
src/main/java/io/moderne/devcenter/internal/PlainTextLineCounter.java,io.moderne.devcenter.internal.PlainTextLineCounter,PlainTextLineCounter,"io.moderne.devcenter.internal.PlainTextLineCounter{name=<constructor>,return=io.moderne.devcenter.internal.PlainTextLineCounter,parameters=[]}",1,0,0,2,0,0.0,0,0,0,0.0,0.0,0.0
src/main/java/io/moderne/devcenter/internal/PlainTextLineCounter.java,io.moderne.devcenter.internal.PlainTextLineCounter,count,"io.moderne.devcenter.internal.PlainTextLineCounter{name=count,return=long,parameters=[org.openrewrite.text.PlainText]}",7,7,2,15,1,11.87,5,10,4,356.86,21.0,0.13
src/main/java/io/moderne/devcenter/internal/PrintOrderLineCounter.java,io.moderne.devcenter.internal.PrintOrderLineCounter,text,"io.moderne.devcenter.internal.PrintOrderLineCounter{name=text,return=void,parameters=[java.lang.String]}",3,2,1,6,1,5.1,1,4,3,115.95,7.5,0.03
src/main/java/io/moderne/devcenter/internal/PrintOrderLineCounter.java,io.moderne.devcenter.internal.PrintOrderLineCounter,syntax,"io.moderne.devcenter.internal.PrintOrderLineCounter{name=syntax,return=void,parameters=[]}",1,0,0,4,0,2.0,2,0,0,18.09,0.5,0.0
src/main/java/io/moderne/devcenter/internal/PrintOrderLineCounter.java,io.moderne.devcenter.internal.PrintOrderLineCounter,lineCount,"io.moderne.devcenter.internal.PrintOrderLineCounter{name=lineCount,return=long,parameters=[]}",1,0,0,3,0,1.0,0,1,0,15.51,1.0,0.0
src/main/java/io/moderne/devcenter/internal/PropertiesLineCounter.java,io.moderne.devcenter.internal.PropertiesLineCounter,PropertiesLineCounter,"io.moderne.devcenter.internal.PropertiesLineCounter{name=<constructor>,return=io.moderne.devcenter.internal.PropertiesLineCounter,parameters=[]}",1,0,0,2,0,0.0,0,0,0,0.0,0.0,0.0
src/main/java/io/moderne/devcenter/internal/PropertiesLineCounter.java,io.moderne.devcenter.internal.PropertiesLineCounter,count,"io.moderne.devcenter.internal.PropertiesLineCounter{name=count,return=long,parameters=[org.openrewrite.properties.tree.Properties$File]}",3,5,2,16,1,13.15,2,13,0,335.0,19.85,0.12
src/main/java/io/moderne/devcenter/internal/PropertiesLineCounter.java,io.moderne.devcenter.internal.PropertiesLineCounter,entry,"io.moderne.devcenter.internal.PropertiesLineCounter{name=entry,return=void,parameters=[org.openrewrite.properties.tree.Properties$Entry]}",2,1,1,10,1,14.04,0,14,1,180.94,9.23,0.05
src/main/java/io/moderne/devcenter/internal/ProtoLineCounter.java,io.moderne.devcenter.internal.ProtoLineCounter,count,"io.moderne.devcenter.internal.ProtoLineCounter{name=count,return=long,parameters=[org.openrewrite.protobuf.tree.Proto$Document]}",1,0,0,5,1,4.12,1,4,0,46.51,3.0,0.01
src/main/java/io/moderne/devcenter/internal/ProtoLineCounter.java,io.moderne.devcenter.internal.ProtoLineCounter,visitSpace,"io.moderne.devcenter.internal.ProtoLineCounter{name=visitSpace,return=org.openrewrite.protobuf.tree.Space,parameters=[org.openrewrite.protobuf.tree.Space,io.moderne.devcenter.internal.PrintOrderLineCounter]}",3,3,2,13,2,10.0,0,10,0,158.12,10.45,0.05
src/main/java/io/moderne/devcenter/internal/ProtoLineCounter.java,io.moderne.devcenter.internal.ProtoLineCounter,visitBlock,"io.moderne.devcenter.internal.ProtoLineCounter{name=visitBlock,return=org.openrewrite.protobuf.tree.Proto,parameters=[org.openrewrite.protobuf.tree.Proto$Block,io.moderne.devcenter.internal.PrintOrderLineCounter]}",1,0,0,9,2,8.0,0,8,0,106.27,7.56,0.03
src/main/java/io/moderne/devcenter/internal/ProtoLineCounter.java,io.moderne.devcenter.internal.ProtoLineCounter,visitConstant,"io.moderne.devcenter.internal.ProtoLineCounter{name=visitConstant,return=org.openrewrite.protobuf.tree.Proto,parameters=[org.openrewrite.protobuf.tree.Proto$Constant,io.moderne.devcenter.internal.PrintOrderLineCounter]}",1,0,0,6,2,3.0,0,3,0,38.04,3.2,0.01
src/main/java/io/moderne/devcenter/internal/ProtoLineCounter.java,io.moderne.devcenter.internal.ProtoLineCounter,visitDocument,"io.moderne.devcenter.internal.ProtoLineCounter{name=visitDocument,return=org.openrewrite.protobuf.tree.Proto,parameters=[org.openrewrite.protobuf.tree.Proto$Document,io.moderne.devcenter.internal.PrintOrderLineCounter]}",1,0,0,8,2,8.0,0,8,0,110.45,7.65,0.03
src/main/java/io/moderne/devcenter/internal/ProtoLineCounter.java,io.moderne.devcenter.internal.ProtoLineCounter,visitEmpty,"io.moderne.devcenter.internal.ProtoLineCounter{name=visitEmpty,return=org.openrewrite.protobuf.tree.Proto,parameters=[org.openrewrite.protobuf.tree.Proto$Empty,io.moderne.devcenter.internal.PrintOrderLineCounter]}",1,0,0,5,2,1.0,0,1,0,13.93,1.33,0.0
src/main/java/io/moderne/devcenter/internal/ProtoLineCounter.java,io.moderne.devcenter.internal.ProtoLineCounter,visitEnum,"io.moderne.devcenter.internal.ProtoLineCounter{name=visitEnum,return=org.openrewrite.protobuf.tree.Proto,parameters=[org.openrewrite.protobuf.tree.Proto$Enum,io.moderne.devcenter.internal.PrintOrderLineCounter]}",1,0,0,8,2,6.0,0,6,0,77.71,6.0,0.02
src/main/java/io/moderne/devcenter/internal/ProtoLineCounter.java,io.moderne.devcenter.internal.ProtoLineCounter,visitEnumField,"io.moderne.devcenter.internal.ProtoLineCounter{name=visitEnumField,return=org.openrewrite.protobuf.tree.Proto,parameters=[org.openrewrite.protobuf.tree.Proto$EnumField,io.moderne.devcenter.internal.PrintOrderLineCounter]}",1,0,0,9,2,10.0,0,10,0,142.7,8.75,0.04
src/main/java/io/moderne/devcenter/internal/ProtoLineCounter.java,io.moderne.devcenter.internal.ProtoLineCounter,visitExtend,"io.moderne.devcenter.internal.ProtoLineCounter{name=visitExtend,return=org.openrewrite.protobuf.tree.Proto,parameters=[org.openrewrite.protobuf.tree.Proto$Extend,io.moderne.devcenter.internal.PrintOrderLineCounter]}",1,0,0,8,2,6.0,0,6,0,82.04,6.13,0.02
src/main/java/io/moderne/devcenter/internal/ProtoLineCounter.java,io.moderne.devcenter.internal.ProtoLineCounter,visitExtensionName,"io.moderne.devcenter.internal.ProtoLineCounter{name=visitExtensionName,return=org.openrewrite.protobuf.tree.Proto,parameters=[org.openrewrite.protobuf.tree.Proto$ExtensionName,io.moderne.devcenter.internal.PrintOrderLineCounter]}",1,0,0,8,2,6.0,0,6,0,74.01,5.57,0.02
src/main/java/io/moderne/devcenter/internal/ProtoLineCounter.java,io.moderne.devcenter.internal.ProtoLineCounter,visitExtensions,"io.moderne.devcenter.internal.ProtoLineCounter{name=visitExtensions,return=org.openrewrite.protobuf.tree.Proto,parameters=[org.openrewrite.protobuf.tree.Proto$Extensions,io.moderne.devcenter.internal.PrintOrderLineCounter]}",1,0,0,7,2,5.0,0,5,0,68.53,4.5,0.02
src/main/java/io/moderne/devcenter/internal/ProtoLineCounter.java,io.moderne.devcenter.internal.ProtoLineCounter,visitField,"io.moderne.devcenter.internal.ProtoLineCounter{name=visitField,return=org.openrewrite.protobuf.tree.Proto,parameters=[org.openrewrite.protobuf.tree.Proto$Field,io.moderne.devcenter.internal.PrintOrderLineCounter]}",1,0,0,11,2,14.0,0,14,0,206.82,12.43,0.06
src/main/java/io/moderne/devcenter/internal/ProtoLineCounter.java,io.moderne.devcenter.internal.ProtoLineCounter,visitFullIdentifier,"io.moderne.devcenter.internal.ProtoLineCounter{name=visitFullIdentifier,return=org.openrewrite.protobuf.tree.Proto,parameters=[org.openrewrite.protobuf.tree.Proto$FullIdentifier,io.moderne.devcenter.internal.PrintOrderLineCounter]}",2,1,1,10,2,8.06,0,8,1,125.34,9.0,0.04
src/main/java/io/moderne/devcenter/internal/ProtoLineCounter.java,io.moderne.devcenter.internal.ProtoLineCounter,visitGroup,"io.moderne.devcenter.internal.ProtoLineCounter{name=visitGroup,return=org.openrewrite.protobuf.tree.Proto,parameters=[org.openrewrite.protobuf.tree.Proto$Group,io.moderne.devcenter.internal.PrintOrderLineCounter]}",1,0,0,11,2,13.0,0,13,0,185.47,12.38,0.06
src/main/java/io/moderne/devcenter/internal/ProtoLineCounter.java,io.moderne.devcenter.internal.ProtoLineCounter,visitIdentifier,"io.moderne.devcenter.internal.ProtoLineCounter{name=visitIdentifier,return=org.openrewrite.protobuf.tree.Proto,parameters=[org.openrewrite.protobuf.tree.Proto$Identifier,io.moderne.devcenter.internal.PrintOrderLineCounter]}",1,0,0,6,2,3.0,0,3,0,38.04,3.2,0.01
src/main/java/io/moderne/devcenter/internal/ProtoLineCounter.java,io.moderne.devcenter.internal.ProtoLineCounter,visitImport,"io.moderne.devcenter.internal.ProtoLineCounter{name=visitImport,return=org.openrewrite.protobuf.tree.Proto,parameters=[org.openrewrite.protobuf.tree.Proto$Import,io.moderne.devcenter.internal.PrintOrderLineCounter]}",1,0,0,8,2,7.0,0,7,0,94.01,6.67,0.02
src/main/java/io/moderne/devcenter/internal/ProtoLineCounter.java,io.moderne.devcenter.internal.ProtoLineCounter,visitKeyword,"io.moderne.devcenter.internal.ProtoLineCounter{name=visitKeyword,return=org.openrewrite.protobuf.tree.Proto,parameters=[org.openrewrite.protobuf.tree.Proto$Keyword,io.moderne.devcenter.internal.PrintOrderLineCounter]}",1,0,0,6,2,3.0,0,3,0,38.04,3.2,0.01
src/main/java/io/moderne/devcenter/internal/ProtoLineCounter.java,io.moderne.devcenter.internal.ProtoLineCounter,visitMapField,"io.moderne.devcenter.internal.ProtoLineCounter{name=visitMapField,return=org.openrewrite.protobuf.tree.Proto,parameters=[org.openrewrite.protobuf.tree.Proto$MapField,io.moderne.devcenter.internal.PrintOrderLineCounter]}",1,0,0,17,2,24.0,0,24,0,350.0,19.85,0.12
src/main/java/io/moderne/devcenter/internal/ProtoLineCounter.java,io.moderne.devcenter.internal.ProtoLineCounter,visitMessage,"io.moderne.devcenter.internal.ProtoLineCounter{name=visitMessage,return=org.openrewrite.protobuf.tree.Proto,parameters=[org.openrewrite.protobuf.tree.Proto$Message,io.moderne.devcenter.internal.PrintOrderLineCounter]}",1,0,0,8,2,6.0,0,6,0,77.71,6.0,0.02
src/main/java/io/moderne/devcenter/internal/ProtoLineCounter.java,io.moderne.devcenter.internal.ProtoLineCounter,visitOneOf,"io.moderne.devcenter.internal.ProtoLineCounter{name=visitOneOf,return=org.openrewrite.protobuf.tree.Proto,parameters=[org.openrewrite.protobuf.tree.Proto$OneOf,io.moderne.devcenter.internal.PrintOrderLineCounter]}",1,0,0,8,2,6.0,0,6,0,77.71,6.0,0.02
src/main/java/io/moderne/devcenter/internal/ProtoLineCounter.java,io.moderne.devcenter.internal.ProtoLineCounter,visitOption,"io.moderne.devcenter.internal.ProtoLineCounter{name=visitOption,return=org.openrewrite.protobuf.tree.Proto,parameters=[org.openrewrite.protobuf.tree.Proto$Option,io.moderne.devcenter.internal.PrintOrderLineCounter]}",1,0,0,8,2,7.0,0,7,0,94.01,6.67,0.02
src/main/java/io/moderne/devcenter/internal/ProtoLineCounter.java,io.moderne.devcenter.internal.ProtoLineCounter,visitOptionDeclaration,"io.moderne.devcenter.internal.ProtoLineCounter{name=visitOptionDeclaration,return=org.openrewrite.protobuf.tree.Proto,parameters=[org.openrewrite.protobuf.tree.Proto$OptionDeclaration,io.moderne.devcenter.internal.PrintOrderLineCounter]}",1,0,0,9,2,8.0,0,8,0,106.27,7.56,0.03
src/main/java/io/moderne/devcenter/internal/ProtoLineCounter.java,io.moderne.devcenter.internal.ProtoLineCounter,visitPackage,"io.moderne.devcenter.internal.ProtoLineCounter{name=visitPackage,return=org.openrewrite.protobuf.tree.Proto,parameters=[org.openrewrite.protobuf.tree.Proto$Package,io.moderne.devcenter.internal.PrintOrderLineCounter]}",1,0,0,7,2,4.0,0,4,0,51.89,4.17,0.01
src/main/java/io/moderne/devcenter/internal/ProtoLineCounter.java,io.moderne.devcenter.internal.ProtoLineCounter,visitPrimitive,"io.moderne.devcenter.internal.ProtoLineCounter{name=visitPrimitive,return=org.openrewrite.protobuf.tree.Proto,parameters=[org.openrewrite.protobuf.tree.Proto$Primitive,io.moderne.devcenter.internal.PrintOrderLineCounter]}",1,0,0,6,2,2.0,0,2,0,25.27,2.25,0.0
src/main/java/io/moderne/devcenter/internal/ProtoLineCounter.java,io.moderne.devcenter.internal.ProtoLineCounter,visitRange,"io.moderne.devcenter.internal.ProtoLineCounter{name=visitRange,return=org.openrewrite.protobuf.tree.Proto,parameters=[org.openrewrite.protobuf.tree.Proto$Range,io.moderne.devcenter.internal.PrintOrderLineCounter]}",2,1,1,10,2,8.06,0,8,1,125.34,9.0,0.04
src/main/java/io/moderne/devcenter/internal/ProtoLineCounter.java,io.moderne.devcenter.internal.ProtoLineCounter,visitReserved,"io.moderne.devcenter.internal.ProtoLineCounter{name=visitReserved,return=org.openrewrite.protobuf.tree.Proto,parameters=[org.openrewrite.protobuf.tree.Proto$Reserved,io.moderne.devcenter.internal.PrintOrderLineCounter]}",1,0,0,7,2,5.0,0,5,0,68.53,4.5,0.02
src/main/java/io/moderne/devcenter/internal/ProtoLineCounter.java,io.moderne.devcenter.internal.ProtoLineCounter,visitRpc,"io.moderne.devcenter.internal.ProtoLineCounter{name=visitRpc,return=org.openrewrite.protobuf.tree.Proto,parameters=[org.openrewrite.protobuf.tree.Proto$Rpc,io.moderne.devcenter.internal.PrintOrderLineCounter]}",1,0,0,11,2,12.0,0,12,0,165.67,11.7,0.05
src/main/java/io/moderne/devcenter/internal/ProtoLineCounter.java,io.moderne.devcenter.internal.ProtoLineCounter,visitRpcInOut,"io.moderne.devcenter.internal.ProtoLineCounter{name=visitRpcInOut,return=org.openrewrite.protobuf.tree.Proto,parameters=[org.openrewrite.protobuf.tree.Proto$RpcInOut,io.moderne.devcenter.internal.PrintOrderLineCounter]}",2,1,1,12,2,11.05,0,11,1,165.0,11.5,0.05
src/main/java/io/moderne/devcenter/internal/ProtoLineCounter.java,io.moderne.devcenter.internal.ProtoLineCounter,visitService,"io.moderne.devcenter.internal.ProtoLineCounter{name=visitService,return=org.openrewrite.protobuf.tree.Proto,parameters=[org.openrewrite.protobuf.tree.Proto$Service,io.moderne.devcenter.internal.PrintOrderLineCounter]}",1,0,0,8,2,6.0,0,6,0,77.71,6.0,0.02
src/main/java/io/moderne/devcenter/internal/ProtoLineCounter.java,io.moderne.devcenter.internal.ProtoLineCounter,visitStringLiteral,"io.moderne.devcenter.internal.ProtoLineCounter{name=visitStringLiteral,return=org.openrewrite.protobuf.tree.Proto,parameters=[org.openrewrite.protobuf.tree.Proto$StringLiteral,io.moderne.devcenter.internal.PrintOrderLineCounter]}",1,0,0,8,2,5.0,0,5,0,62.27,5.0,0.02
src/main/java/io/moderne/devcenter/internal/ProtoLineCounter.java,io.moderne.devcenter.internal.ProtoLineCounter,visitSyntax,"io.moderne.devcenter.internal.ProtoLineCounter{name=visitSyntax,return=org.openrewrite.protobuf.tree.Proto,parameters=[org.openrewrite.protobuf.tree.Proto$Syntax,io.moderne.devcenter.internal.PrintOrderLineCounter]}",2,1,1,13,2,12.0,0,12,0,190.4,12.0,0.06
src/main/java/io/moderne/devcenter/internal/ProtoLineCounter.java,io.moderne.devcenter.internal.ProtoLineCounter,prefix,"io.moderne.devcenter.internal.ProtoLineCounter{name=prefix,return=void,parameters=[org.openrewrite.protobuf.tree.Proto,io.moderne.devcenter.internal.PrintOrderLineCounter]}",1,0,0,3,2,2.0,0,2,0,15.51,1.0,0.0
src/main/java/io/moderne/devcenter/internal/ProtoLineCounter.java,io.moderne.devcenter.internal.ProtoLineCounter,container,"io.moderne.devcenter.internal.ProtoLineCounter{name=container,return=void,parameters=[org.openrewrite.protobuf.tree.ProtoContainer<Generic{? extends org.openrewrite.protobuf.tree.Proto}>,boolean,io.moderne.devcenter.internal.PrintOrderLineCounter]}",6,6,2,20,3,15.43,2,15,3,362.11,17.4,0.11
src/main/java/io/moderne/devcenter/internal/ProtoLineCounter.java,io.moderne.devcenter.internal.ProtoLineCounter,statements,"io.moderne.devcenter.internal.ProtoLineCounter{name=statements,return=void,parameters=[java.util.List<org.openrewrite.protobuf.tree.ProtoRightPadded<org.openrewrite.protobuf.tree.Proto>>,io.moderne.devcenter.internal.PrintOrderLineCounter]}",3,3,2,9,2,7.0,0,7,0,110.45,6.18,0.03
src/main/java/io/moderne/devcenter/internal/ProtoLineCounter.java,io.moderne.devcenter.internal.ProtoLineCounter,endsWithSemicolon,"io.moderne.devcenter.internal.ProtoLineCounter{name=endsWithSemicolon,return=boolean,parameters=[org.openrewrite.protobuf.tree.Proto]}",12,2,0,6,1,1.41,0,1,1,285.4,8.87,0.06
src/main/java/io/moderne/devcenter/internal/PythonLineCounter.java,io.moderne.devcenter.internal.PythonLineCounter,visitSpace,"io.moderne.devcenter.internal.PythonLineCounter{name=visitSpace,return=org.openrewrite.java.tree.Space,parameters=[org.openrewrite.java.tree.Space,org.openrewrite.java.tree.Space$Location,io.moderne.devcenter.internal.Newlines$Counter]}",1,0,0,5,3,1.0,0,1,0,18.09,1.25,0.0
src/main/java/io/moderne/devcenter/internal/PythonLineCounter.java,io.moderne.devcenter.internal.PythonLineCounter,visitLiteral,"io.moderne.devcenter.internal.PythonLineCounter{name=visitLiteral,return=org.openrewrite.java.tree.J,parameters=[org.openrewrite.java.tree.J$Literal,io.moderne.devcenter.internal.Newlines$Counter]}",1,0,0,5,2,3.0,0,3,0,39.86,2.67,0.01
src/main/java/io/moderne/devcenter/internal/PythonLineCounter.java,io.moderne.devcenter.internal.PythonLineCounter,visitUnknownSource,"io.moderne.devcenter.internal.PythonLineCounter{name=visitUnknownSource,return=org.openrewrite.java.tree.J,parameters=[org.openrewrite.java.tree.J$Unknown$Source,io.moderne.devcenter.internal.Newlines$Counter]}",1,0,0,5,2,3.0,0,3,0,39.86,2.67,0.01
src/main/java/io/moderne/devcenter/internal/PythonLineCounter.java,io.moderne.devcenter.internal.PythonLineCounter,count,"io.moderne.devcenter.internal.PythonLineCounter{name=count,return=long,parameters=[org.openrewrite.python.tree.Py$CompilationUnit]}",1,0,0,5,1,5.1,1,5,0,66.61,3.75,0.01
src/main/java/io/moderne/devcenter/internal/ResolvedDependencyVersions.java,io.moderne.devcenter.internal.ResolvedDependencyVersions,ResolvedDependencyVersions,"io.moderne.devcenter.internal.ResolvedDependencyVersions{name=<constructor>,return=io.moderne.devcenter.internal.ResolvedDependencyVersions,parameters=[]}",1,0,0,2,0,0.0,0,0,0,0.0,0.0,0.0
src/main/java/io/moderne/devcenter/internal/ResolvedDependencyVersions.java,io.moderne.devcenter.internal.ResolvedDependencyVersions,findVersions,"io.moderne.devcenter.internal.ResolvedDependencyVersions{name=findVersions,return=java.util.List<java.lang.String>,parameters=[org.openrewrite.SourceFile,java.lang.String,java.lang.String]}",5,11,3,23,3,19.26,3,19,1,513.04,16.41,0.14
src/main/java/io/moderne/devcenter/internal/ResolvedDependencyVersions.java,io.moderne.devcenter.internal.ResolvedDependencyVersions,collectVersions,"io.moderne.devcenter.internal.ResolvedDependencyVersions{name=collectVersions,return=boolean,parameters=[org.openrewrite.maven.tree.ResolvedDependency,java.lang.String,java.lang.String,java.util.Set<org.openrewrite.maven.tree.ResolvedDependency>,java.util.Set<java.lang.String>]}",10,9,2,24,5,14.25,3,13,5,458.59,18.0,0.14
src/main/java/io/moderne/devcenter/internal/ResolvedDependencyVersions.java,io.moderne.devcenter.internal.ResolvedDependencyVersions,addVersionsPerRoot,"io.moderne.devcenter.internal.ResolvedDependencyVersions{name=addVersionsPerRoot,return=void,parameters=[org.openrewrite.gradle.marker.GradleProject,java.lang.String,java.lang.String,java.util.Set<java.lang.String>]}",4,6,3,9,4,5.0,0,5,0,112.37,3.86,0.02
src/main/java/io/moderne/devcenter/internal/RubyLineCounter.java,io.moderne.devcenter.internal.RubyLineCounter,count,"io.moderne.devcenter.internal.RubyLineCounter{name=count,return=long,parameters=[org.openrewrite.ruby.tree.Rb$CompilationUnit]}",1,0,0,6,1,4.47,2,4,0,74.01,3.33,0.01
src/main/java/io/moderne/devcenter/internal/RubyLineCounter.java,io.moderne.devcenter.internal.RubyLineCounter,preVisit,"io.moderne.devcenter.internal.RubyLineCounter{name=preVisit,return=org.openrewrite.java.tree.J,parameters=[org.openrewrite.java.tree.J,io.moderne.devcenter.internal.Newlines$Counter]}",3,2,1,8,2,2.24,1,0,2,68.53,3.75,0.01
src/main/java/io/moderne/devcenter/internal/RubyLineCounter.java,io.moderne.devcenter.internal.RubyLineCounter,visitCompilationUnit,"io.moderne.devcenter.internal.RubyLineCounter{name=visitCompilationUnit,return=org.openrewrite.ruby.tree.Rb,parameters=[org.openrewrite.ruby.tree.Rb$CompilationUnit,io.moderne.devcenter.internal.Newlines$Counter]}",10,14,2,38,2,35.45,13,32,8,1014.71,36.25,0.37
src/main/java/io/moderne/devcenter/internal/RubyLineCounter.java,io.moderne.devcenter.internal.RubyLineCounter,visitSpace,"io.moderne.devcenter.internal.RubyLineCounter{name=visitSpace,return=org.openrewrite.java.tree.Space,parameters=[org.openrewrite.java.tree.Space,org.openrewrite.java.tree.Space$Location,io.moderne.devcenter.internal.Newlines$Counter]}",1,0,0,5,3,1.0,0,1,0,13.93,1.33,0.0
src/main/java/io/moderne/devcenter/internal/RubyLineCounter.java,io.moderne.devcenter.internal.RubyLineCounter,visitLiteral,"io.moderne.devcenter.internal.RubyLineCounter{name=visitLiteral,return=org.openrewrite.java.tree.J,parameters=[org.openrewrite.java.tree.J$Literal,io.moderne.devcenter.internal.Newlines$Counter]}",1,0,0,5,2,3.0,0,3,0,39.86,2.67,0.01
src/main/java/io/moderne/devcenter/internal/RubyLineCounter.java,io.moderne.devcenter.internal.RubyLineCounter,visitIdentifier,"io.moderne.devcenter.internal.RubyLineCounter{name=visitIdentifier,return=org.openrewrite.java.tree.J,parameters=[org.openrewrite.java.tree.J$Identifier,io.moderne.devcenter.internal.Newlines$Counter]}",1,0,0,5,2,3.0,0,3,0,39.86,2.67,0.01
src/main/java/io/moderne/devcenter/internal/RubyLineCounter.java,io.moderne.devcenter.internal.RubyLineCounter,visitUnknownSource,"io.moderne.devcenter.internal.RubyLineCounter{name=visitUnknownSource,return=org.openrewrite.java.tree.J,parameters=[org.openrewrite.java.tree.J$Unknown$Source,io.moderne.devcenter.internal.Newlines$Counter]}",1,0,0,5,2,3.0,0,3,0,39.86,2.67,0.01
src/main/java/io/moderne/devcenter/internal/RubyLineCounter.java,io.moderne.devcenter.internal.RubyLineCounter,visitErroneous,"io.moderne.devcenter.internal.RubyLineCounter{name=visitErroneous,return=org.openrewrite.java.tree.J,parameters=[org.openrewrite.java.tree.J$Erroneous,io.moderne.devcenter.internal.Newlines$Counter]}",1,0,0,5,2,3.0,0,3,0,39.86,2.67,0.01
src/main/java/io/moderne/devcenter/internal/RubyLineCounter.java,io.moderne.devcenter.internal.RubyLineCounter,visitMarker,"io.moderne.devcenter.internal.RubyLineCounter{name=visitMarker,return=Generic{M extends org.openrewrite.marker.Marker},parameters=[org.openrewrite.marker.Marker,io.moderne.devcenter.internal.Newlines$Counter]}",2,1,1,7,2,2.0,0,2,0,51.89,5.4,0.01
src/main/java/io/moderne/devcenter/internal/RubyLineCounter.java,io.moderne.devcenter.internal.RubyLineCounter,visitContainer,"io.moderne.devcenter.internal.RubyLineCounter{name=visitContainer,return=org.openrewrite.java.tree.JContainer<Generic{J2 extends org.openrewrite.java.tree.J}>,parameters=[org.openrewrite.java.tree.JContainer<Generic{J2 extends org.openrewrite.java.tree.J}>,org.openrewrite.java.tree.JContainer$Location,io.moderne.devcenter.internal.Newlines$Counter]}",1,0,0,6,3,2.24,1,2,0,48.43,2.06,0.01
src/main/java/io/moderne/devcenter/internal/RubyLineCounter.java,io.moderne.devcenter.internal.RubyLineCounter,visitContainer,"io.moderne.devcenter.internal.RubyLineCounter{name=visitContainer,return=org.openrewrite.java.tree.JContainer<Generic{J2 extends org.openrewrite.java.tree.J}>,parameters=[org.openrewrite.java.tree.JContainer<Generic{J2 extends org.openrewrite.java.tree.J}>,org.openrewrite.ruby.tree.RubyContainer$Location,io.moderne.devcenter.internal.Newlines$Counter]}",1,0,0,4,3,1.0,0,1,0,24.0,1.0,0.0
src/main/java/io/moderne/devcenter/internal/RubyLineCounter.java,io.moderne.devcenter.internal.RubyLineCounter,visitHeredoc,"io.moderne.devcenter.internal.RubyLineCounter{name=visitHeredoc,return=org.openrewrite.java.tree.J,parameters=[org.openrewrite.ruby.tree.Rb$Heredoc,io.moderne.devcenter.internal.Newlines$Counter]}",2,1,0,11,2,12.65,4,12,0,276.98,14.74,0.09
src/main/java/io/moderne/devcenter/internal/RubyLineCounter.java,io.moderne.devcenter.internal.RubyLineCounter,visitComplexString,"io.moderne.devcenter.internal.RubyLineCounter{name=visitComplexString,return=org.openrewrite.java.tree.J,parameters=[org.openrewrite.ruby.tree.Rb$ComplexString,io.moderne.devcenter.internal.Newlines$Counter]}",1,0,0,7,2,7.0,0,7,0,108.05,5.67,0.02
src/main/java/io/moderne/devcenter/internal/RubyLineCounter.java,io.moderne.devcenter.internal.RubyLineCounter,visitComplexStringValue,"io.moderne.devcenter.internal.RubyLineCounter{name=visitComplexStringValue,return=org.openrewrite.java.tree.J,parameters=[org.openrewrite.ruby.tree.Rb$ComplexString$Value,io.moderne.devcenter.internal.Newlines$Counter]}",1,0,0,5,2,3.0,0,3,0,34.87,2.8,0.01
src/main/java/io/moderne/devcenter/internal/RubyLineCounter.java,io.moderne.devcenter.internal.RubyLineCounter,visitClassMethod,"io.moderne.devcenter.internal.RubyLineCounter{name=visitClassMethod,return=org.openrewrite.java.tree.J,parameters=[org.openrewrite.ruby.tree.Rb$ClassMethod,io.moderne.devcenter.internal.Newlines$Counter]}",1,0,0,13,2,22.02,1,22,0,367.35,15.33,0.11
src/main/java/io/moderne/devcenter/internal/RubyLineCounter.java,io.moderne.devcenter.internal.RubyLineCounter,visitRescue,"io.moderne.devcenter.internal.RubyLineCounter{name=visitRescue,return=org.openrewrite.java.tree.J,parameters=[org.openrewrite.ruby.tree.Rb$Rescue,io.moderne.devcenter.internal.Newlines$Counter]}",7,11,3,39,2,50.13,3,50,2,1164.69,41.22,0.44
src/main/java/io/moderne/devcenter/internal/RubyLineCounter.java,io.moderne.devcenter.internal.RubyLineCounter,visitCase,"io.moderne.devcenter.internal.RubyLineCounter{name=visitCase,return=org.openrewrite.java.tree.J,parameters=[org.openrewrite.java.tree.J$Case,io.moderne.devcenter.internal.Newlines$Counter]}",2,1,1,10,2,12.04,0,12,1,204.46,11.2,0.06
src/main/java/io/moderne/devcenter/internal/RubyLineCounter.java,io.moderne.devcenter.internal.RubyLineCounter,visitClassDeclaration,"io.moderne.devcenter.internal.RubyLineCounter{name=visitClassDeclaration,return=org.openrewrite.java.tree.J,parameters=[org.openrewrite.java.tree.J$ClassDeclaration,io.moderne.devcenter.internal.Newlines$Counter]}",1,0,0,9,2,11.0,0,11,0,173.92,9.17,0.05
src/main/java/io/moderne/devcenter/internal/RubyLineCounter.java,io.moderne.devcenter.internal.RubyLineCounter,visitLambda,"io.moderne.devcenter.internal.RubyLineCounter{name=visitLambda,return=org.openrewrite.java.tree.J,parameters=[org.openrewrite.java.tree.J$Lambda,io.moderne.devcenter.internal.Newlines$Counter]}",5,7,2,24,2,25.1,2,25,1,591.02,25.69,0.2
src/main/java/io/moderne/devcenter/internal/RubyLineCounter.java,io.moderne.devcenter.internal.RubyLineCounter,visitMethodDeclaration,"io.moderne.devcenter.internal.RubyLineCounter{name=visitMethodDeclaration,return=org.openrewrite.java.tree.J,parameters=[org.openrewrite.java.tree.J$MethodDeclaration,io.moderne.devcenter.internal.Newlines$Counter]}",2,1,1,12,2,15.0,0,15,0,260.0,11.97,0.07
src/main/java/io/moderne/devcenter/internal/RubyLineCounter.java,io.moderne.devcenter.internal.RubyLineCounter,visitMethodInvocation,"io.moderne.devcenter.internal.RubyLineCounter{name=visitMethodInvocation,return=org.openrewrite.java.tree.J,parameters=[org.openrewrite.java.tree.J$MethodInvocation,io.moderne.devcenter.internal.Newlines$Counter]}",1,0,0,9,2,12.0,0,12,0,187.49,9.75,0.05
src/main/java/io/moderne/devcenter/internal/RubyLineCounter.java,io.moderne.devcenter.internal.RubyLineCounter,visitNewClass,"io.moderne.devcenter.internal.RubyLineCounter{name=visitNewClass,return=org.openrewrite.java.tree.J,parameters=[org.openrewrite.java.tree.J$NewClass,io.moderne.devcenter.internal.Newlines$Counter]}",2,1,1,13,2,15.07,1,15,1,262.31,14.17,0.08
src/main/java/io/moderne/devcenter/internal/RubyLineCounter.java,io.moderne.devcenter.internal.RubyLineCounter,visitSwitch,"io.moderne.devcenter.internal.RubyLineCounter{name=visitSwitch,return=org.openrewrite.java.tree.J,parameters=[org.openrewrite.java.tree.J$Switch,io.moderne.devcenter.internal.Newlines$Counter]}",2,1,1,11,2,13.0,0,13,0,227.89,11.19,0.06
src/main/java/io/moderne/devcenter/internal/RubyLineCounter.java,io.moderne.devcenter.internal.RubyLineCounter,visitUnary,"io.moderne.devcenter.internal.RubyLineCounter{name=visitUnary,return=org.openrewrite.java.tree.J,parameters=[org.openrewrite.java.tree.J$Unary,io.moderne.devcenter.internal.Newlines$Counter]}",3,2,1,10,2,12.17,0,12,2,233.18,12.59,0.07
src/main/java/io/moderne/devcenter/internal/RubyLineCounter.java,io.moderne.devcenter.internal.RubyLineCounter,visitArgumentsThenBlock,"io.moderne.devcenter.internal.RubyLineCounter{name=visitArgumentsThenBlock,return=void,parameters=[org.openrewrite.java.tree.JContainer<org.openrewrite.java.tree.Expression>,io.moderne.devcenter.internal.Newlines$Counter]}",3,4,2,13,2,9.22,2,9,0,252.22,12.89,0.07
src/main/java/io/moderne/devcenter/internal/RubyLineCounter.java,io.moderne.devcenter.internal.RubyLineCounter,containerTrailingComma,"io.moderne.devcenter.internal.RubyLineCounter{name=containerTrailingComma,return=void,parameters=[org.openrewrite.java.tree.JContainer<Generic{?}>,io.moderne.devcenter.internal.Newlines$Counter]}",4,6,3,9,2,3.16,0,3,1,85.95,5.69,0.02
src/main/java/io/moderne/devcenter/internal/RubyLineCounter.java,io.moderne.devcenter.internal.RubyLineCounter,trailingComma,"io.moderne.devcenter.internal.RubyLineCounter{name=trailingComma,return=void,parameters=[org.openrewrite.java.marker.TrailingComma,io.moderne.devcenter.internal.Newlines$Counter]}",1,0,0,4,2,2.24,1,2,0,31.7,1.75,0.0
src/main/java/io/moderne/devcenter/internal/RubyLineCounter.java,io.moderne.devcenter.internal.RubyLineCounter,printSpace,"io.moderne.devcenter.internal.RubyLineCounter{name=printSpace,return=java.lang.Boolean,parameters=[org.openrewrite.java.tree.Space,io.moderne.devcenter.internal.Newlines$Counter]}",5,4,1,13,2,9.0,4,8,1,213.97,12.54,0.06
src/main/java/io/moderne/devcenter/internal/RubyLineCounter.java,io.moderne.devcenter.internal.RubyLineCounter,flush,"io.moderne.devcenter.internal.RubyLineCounter{name=flush,return=boolean,parameters=[int,boolean]}",3,2,1,9,2,4.58,2,4,1,106.2,5.82,0.02
src/main/java/io/moderne/devcenter/internal/RubyLineCounter.java,io.moderne.devcenter.internal.RubyLineCounter,printUnflushedHeredocs,"io.moderne.devcenter.internal.RubyLineCounter{name=printUnflushedHeredocs,return=java.lang.Boolean,parameters=[java.lang.Boolean,io.moderne.devcenter.internal.Newlines$Counter]}",4,4,1,12,2,9.43,4,8,3,225.0,12.35,0.07
src/main/java/io/moderne/devcenter/internal/RubyLineCounter.java,io.moderne.devcenter.internal.RubyLineCounter,heredocEndsWithNewline,"io.moderne.devcenter.internal.RubyLineCounter{name=heredocEndsWithNewline,return=boolean,parameters=[org.openrewrite.ruby.tree.Rb$Heredoc]}",5,3,1,11,1,11.87,2,11,4,225.95,10.83,0.06
src/main/java/io/moderne/devcenter/internal/RubyLineCounter.java,io.moderne.devcenter.internal.RubyLineCounter,body,"io.moderne.devcenter.internal.RubyLineCounter{name=body,return=java.lang.String,parameters=[org.openrewrite.ruby.tree.Rb$Heredoc]}",3,3,1,8,1,6.16,3,5,2,131.69,7.27,0.03
src/main/java/io/moderne/devcenter/internal/RubyLineCounter.java,io.moderne.devcenter.internal.RubyLineCounter,endsWithBlankLine,"io.moderne.devcenter.internal.RubyLineCounter{name=endsWithBlankLine,return=boolean,parameters=[java.lang.String]}",5,6,2,11,1,5.74,2,2,5,185.75,10.15,0.05
src/main/java/io/moderne/devcenter/internal/RubyLineCounter.java,io.moderne.devcenter.internal.RubyLineCounter,newlines,"io.moderne.devcenter.internal.RubyLineCounter{name=newlines,return=int,parameters=[org.openrewrite.java.tree.Space]}",2,1,1,9,1,10.34,5,9,1,206.72,12.13,0.06
src/main/java/io/moderne/devcenter/internal/RubyLineCounter.java,io.moderne.devcenter.internal.RubyLineCounter,text,"io.moderne.devcenter.internal.RubyLineCounter{name=text,return=java.lang.String,parameters=[org.openrewrite.java.tree.Comment]}",3,2,1,6,1,2.0,0,2,0,72.65,6.6,0.02
src/main/java/io/moderne/devcenter/internal/RubyLineCounter.java,io.moderne.devcenter.internal.RubyLineCounter,endsWithNewline,"io.moderne.devcenter.internal.RubyLineCounter{name=endsWithNewline,return=boolean,parameters=[org.openrewrite.java.tree.Space]}",5,4,2,10,1,10.39,2,10,2,254.37,12.89,0.07
src/main/java/io/moderne/devcenter/internal/ScalaLineCounter.java,io.moderne.devcenter.internal.ScalaLineCounter,ScalaLineCounter,"io.moderne.devcenter.internal.ScalaLineCounter{name=<constructor>,return=io.moderne.devcenter.internal.ScalaLineCounter,parameters=[]}",1,0,0,2,0,0.0,0,0,0,0.0,0.0,0.0
src/main/java/io/moderne/devcenter/internal/ScalaLineCounter.java,io.moderne.devcenter.internal.ScalaLineCounter,count,"io.moderne.devcenter.internal.ScalaLineCounter{name=count,return=long,parameters=[org.openrewrite.scala.tree.S$CompilationUnit]}",4,3,1,10,1,15.59,3,15,3,320.12,14.98,0.09
src/main/java/io/moderne/devcenter/internal/ScalaLineCounter.java,io.moderne.devcenter.internal.ScalaLineCounter,endsWithNewline,"io.moderne.devcenter.internal.ScalaLineCounter{name=endsWithNewline,return=boolean,parameters=[org.openrewrite.java.tree.J]}",3,8,1,13,1,7.87,5,6,1,320.43,16.11,0.1
src/main/java/io/moderne/devcenter/internal/ScalaLineCounter.java,io.moderne.devcenter.internal.ScalaLineCounter,visitSpace,"io.moderne.devcenter.internal.ScalaLineCounter{name=visitSpace,return=org.openrewrite.java.tree.Space,parameters=[org.openrewrite.java.tree.Space,org.openrewrite.java.tree.Space$Location,io.moderne.devcenter.internal.Newlines$Counter]}",1,0,0,5,3,1.0,0,1,0,18.09,1.25,0.0
src/main/java/io/moderne/devcenter/internal/ScalaLineCounter.java,io.moderne.devcenter.internal.ScalaLineCounter,space,"io.moderne.devcenter.internal.ScalaLineCounter{name=space,return=void,parameters=[org.openrewrite.java.tree.Space,io.moderne.devcenter.internal.Newlines$Counter]}",2,1,1,5,2,1.41,0,1,1,27.0,1.8,0.0
src/main/java/io/moderne/devcenter/internal/ScalaLineCounter.java,io.moderne.devcenter.internal.ScalaLineCounter,visitMarkers,"io.moderne.devcenter.internal.ScalaLineCounter{name=visitMarkers,return=org.openrewrite.marker.Markers,parameters=[org.openrewrite.marker.Markers,io.moderne.devcenter.internal.Newlines$Counter]}",2,1,0,4,2,1.0,0,0,1,22.46,1.88,0.0
src/main/java/io/moderne/devcenter/internal/ScalaLineCounter.java,io.moderne.devcenter.internal.ScalaLineCounter,visitMarker,"io.moderne.devcenter.internal.ScalaLineCounter{name=visitMarker,return=Generic{M extends org.openrewrite.marker.Marker},parameters=[org.openrewrite.marker.Marker,io.moderne.devcenter.internal.Newlines$Counter]}",1,0,0,5,2,0.0,0,0,0,8.0,1.0,0.0
src/main/java/io/moderne/devcenter/internal/ScalaLineCounter.java,io.moderne.devcenter.internal.ScalaLineCounter,visitLiteral,"io.moderne.devcenter.internal.ScalaLineCounter{name=visitLiteral,return=org.openrewrite.java.tree.J,parameters=[org.openrewrite.java.tree.J$Literal,io.moderne.devcenter.internal.Newlines$Counter]}",1,0,0,5,2,3.0,0,3,0,39.86,2.67,0.01
src/main/java/io/moderne/devcenter/internal/ScalaLineCounter.java,io.moderne.devcenter.internal.ScalaLineCounter,visitIdentifier,"io.moderne.devcenter.internal.ScalaLineCounter{name=visitIdentifier,return=org.openrewrite.java.tree.J,parameters=[org.openrewrite.java.tree.J$Identifier,io.moderne.devcenter.internal.Newlines$Counter]}",1,0,0,5,2,3.0,0,3,0,39.86,2.67,0.01
src/main/java/io/moderne/devcenter/internal/ScalaLineCounter.java,io.moderne.devcenter.internal.ScalaLineCounter,visitUnknownSource,"io.moderne.devcenter.internal.ScalaLineCounter{name=visitUnknownSource,return=org.openrewrite.java.tree.J,parameters=[org.openrewrite.java.tree.J$Unknown$Source,io.moderne.devcenter.internal.Newlines$Counter]}",1,0,0,5,2,3.0,0,3,0,39.86,2.67,0.01
src/main/java/io/moderne/devcenter/internal/ScalaLineCounter.java,io.moderne.devcenter.internal.ScalaLineCounter,visitErroneous,"io.moderne.devcenter.internal.ScalaLineCounter{name=visitErroneous,return=org.openrewrite.java.tree.J,parameters=[org.openrewrite.java.tree.J$Erroneous,io.moderne.devcenter.internal.Newlines$Counter]}",1,0,0,5,2,3.0,0,3,0,39.86,2.67,0.01
src/main/java/io/moderne/devcenter/internal/ScalaLineCounter.java,io.moderne.devcenter.internal.ScalaLineCounter,visitModifier,"io.moderne.devcenter.internal.ScalaLineCounter{name=visitModifier,return=org.openrewrite.java.tree.J,parameters=[org.openrewrite.java.tree.J$Modifier,io.moderne.devcenter.internal.Newlines$Counter]}",6,5,1,9,2,9.85,0,9,4,247.25,11.34,0.07
src/main/java/io/moderne/devcenter/internal/ScalaLineCounter.java,io.moderne.devcenter.internal.ScalaLineCounter,visitRightPadded,"io.moderne.devcenter.internal.ScalaLineCounter{name=visitRightPadded,return=org.openrewrite.java.tree.JRightPadded<Generic{T}>,parameters=[org.openrewrite.java.tree.JRightPadded<Generic{T}>,org.openrewrite.java.tree.JRightPadded$Location,io.moderne.devcenter.internal.Newlines$Counter]}",2,1,1,7,3,6.08,0,6,1,122.14,6.54,0.03
src/main/java/io/moderne/devcenter/internal/ScalaLineCounter.java,io.moderne.devcenter.internal.ScalaLineCounter,listElementSuffix,"io.moderne.devcenter.internal.ScalaLineCounter{name=listElementSuffix,return=void,parameters=[org.openrewrite.java.tree.JRightPadded<Generic{? extends org.openrewrite.java.tree.J}>,boolean,io.moderne.devcenter.internal.Newlines$Counter]}",2,1,1,6,3,7.0,0,7,0,108.05,5.33,0.02
src/main/java/io/moderne/devcenter/internal/ScalaLineCounter.java,io.moderne.devcenter.internal.ScalaLineCounter,rightPadded,"io.moderne.devcenter.internal.ScalaLineCounter{name=rightPadded,return=void,parameters=[org.openrewrite.java.tree.JRightPadded<Generic{? extends org.openrewrite.java.tree.J}>,io.moderne.devcenter.internal.Newlines$Counter]}",2,1,1,6,2,4.12,0,4,1,59.21,4.29,0.01
src/main/java/io/moderne/devcenter/internal/ScalaLineCounter.java,io.moderne.devcenter.internal.ScalaLineCounter,leftPadded,"io.moderne.devcenter.internal.ScalaLineCounter{name=leftPadded,return=void,parameters=[org.openrewrite.java.tree.JLeftPadded<Generic{? extends org.openrewrite.java.tree.J}>,io.moderne.devcenter.internal.Newlines$Counter]}",2,1,1,6,2,4.12,0,4,1,59.21,4.29,0.01
src/main/java/io/moderne/devcenter/internal/ScalaLineCounter.java,io.moderne.devcenter.internal.ScalaLineCounter,container,"io.moderne.devcenter.internal.ScalaLineCounter{name=container,return=void,parameters=[org.openrewrite.java.tree.JContainer<Generic{? extends org.openrewrite.java.tree.J}>,io.moderne.devcenter.internal.Newlines$Counter]}",3,3,2,11,2,10.86,3,10,3,274.01,14.4,0.08
src/main/java/io/moderne/devcenter/internal/ScalaLineCounter.java,io.moderne.devcenter.internal.ScalaLineCounter,elements,"io.moderne.devcenter.internal.ScalaLineCounter{name=elements,return=void,parameters=[java.util.List<Generic{? extends org.openrewrite.java.tree.J}>,io.moderne.devcenter.internal.Newlines$Counter]}",3,3,2,7,2,1.41,0,1,1,39.86,2.67,0.01
src/main/java/io/moderne/devcenter/internal/ScalaLineCounter.java,io.moderne.devcenter.internal.ScalaLineCounter,statements,"io.moderne.devcenter.internal.ScalaLineCounter{name=statements,return=void,parameters=[java.util.List<org.openrewrite.java.tree.JRightPadded<org.openrewrite.java.tree.Statement>>,io.moderne.devcenter.internal.Newlines$Counter]}",2,1,1,6,2,4.0,0,4,0,64.73,3.33,0.01
src/main/java/io/moderne/devcenter/internal/ScalaLineCounter.java,io.moderne.devcenter.internal.ScalaLineCounter,visitCompilationUnit,"io.moderne.devcenter.internal.ScalaLineCounter{name=visitCompilationUnit,return=org.openrewrite.java.tree.J,parameters=[org.openrewrite.scala.tree.S$CompilationUnit,io.moderne.devcenter.internal.Newlines$Counter]}",1,0,0,8,2,8.0,0,8,0,106.27,7.56,0.03
src/main/java/io/moderne/devcenter/internal/ScalaLineCounter.java,io.moderne.devcenter.internal.ScalaLineCounter,visitPackage,"io.moderne.devcenter.internal.ScalaLineCounter{name=visitPackage,return=org.openrewrite.java.tree.J,parameters=[org.openrewrite.java.tree.J$Package,io.moderne.devcenter.internal.Newlines$Counter]}",1,0,0,6,2,4.0,0,4,0,48.43,3.75,0.01
src/main/java/io/moderne/devcenter/internal/ScalaLineCounter.java,io.moderne.devcenter.internal.ScalaLineCounter,visitTypeParameter,"io.moderne.devcenter.internal.ScalaLineCounter{name=visitTypeParameter,return=org.openrewrite.java.tree.J,parameters=[org.openrewrite.java.tree.J$TypeParameter,io.moderne.devcenter.internal.Newlines$Counter]}",4,7,3,19,2,16.06,1,16,1,362.11,20.25,0.13
src/main/java/io/moderne/devcenter/internal/ScalaLineCounter.java,io.moderne.devcenter.internal.ScalaLineCounter,visitFieldAccess,"io.moderne.devcenter.internal.ScalaLineCounter{name=visitFieldAccess,return=org.openrewrite.java.tree.J,parameters=[org.openrewrite.java.tree.J$FieldAccess,io.moderne.devcenter.internal.Newlines$Counter]}",4,3,1,18,2,16.0,0,16,0,301.19,15.44,0.09
src/main/java/io/moderne/devcenter/internal/ScalaLineCounter.java,io.moderne.devcenter.internal.ScalaLineCounter,isSyntheticPredefChain,"io.moderne.devcenter.internal.ScalaLineCounter{name=isSyntheticPredefChain,return=boolean,parameters=[org.openrewrite.java.tree.J$FieldAccess]}",5,3,1,11,1,7.87,3,7,2,244.42,11.73,0.07
src/main/java/io/moderne/devcenter/internal/ScalaLineCounter.java,io.moderne.devcenter.internal.ScalaLineCounter,visitWhileLoop,"io.moderne.devcenter.internal.ScalaLineCounter{name=visitWhileLoop,return=org.openrewrite.java.tree.J,parameters=[org.openrewrite.java.tree.J$WhileLoop,io.moderne.devcenter.internal.Newlines$Counter]}",2,1,1,12,2,14.07,1,14,1,261.59,12.38,0.07
src/main/java/io/moderne/devcenter/internal/ScalaLineCounter.java,io.moderne.devcenter.internal.ScalaLineCounter,visitIf,"io.moderne.devcenter.internal.ScalaLineCounter{name=visitIf,return=org.openrewrite.java.tree.J,parameters=[org.openrewrite.java.tree.J$If,io.moderne.devcenter.internal.Newlines$Counter]}",2,1,1,13,2,16.06,1,16,1,296.94,14.1,0.09
src/main/java/io/moderne/devcenter/internal/ScalaLineCounter.java,io.moderne.devcenter.internal.ScalaLineCounter,visitTry,"io.moderne.devcenter.internal.ScalaLineCounter{name=visitTry,return=org.openrewrite.java.tree.J,parameters=[org.openrewrite.java.tree.J$Try,io.moderne.devcenter.internal.Newlines$Counter]}",6,10,3,31,2,39.94,7,39,5,959.42,36.28,0.36
src/main/java/io/moderne/devcenter/internal/ScalaLineCounter.java,io.moderne.devcenter.internal.ScalaLineCounter,visitSTry,"io.moderne.devcenter.internal.ScalaLineCounter{name=visitSTry,return=org.openrewrite.java.tree.J,parameters=[org.openrewrite.scala.tree.S$Try,io.moderne.devcenter.internal.Newlines$Counter]}",2,1,1,15,2,19.13,2,19,1,349.03,17.14,0.11
src/main/java/io/moderne/devcenter/internal/ScalaLineCounter.java,io.moderne.devcenter.internal.ScalaLineCounter,visitSwitch,"io.moderne.devcenter.internal.ScalaLineCounter{name=visitSwitch,return=org.openrewrite.java.tree.J,parameters=[org.openrewrite.java.tree.J$Switch,io.moderne.devcenter.internal.Newlines$Counter]}",2,1,1,12,2,17.06,1,17,1,284.35,14.0,0.08
src/main/java/io/moderne/devcenter/internal/ScalaLineCounter.java,io.moderne.devcenter.internal.ScalaLineCounter,visitCase,"io.moderne.devcenter.internal.ScalaLineCounter{name=visitCase,return=org.openrewrite.java.tree.J,parameters=[org.openrewrite.java.tree.J$Case,io.moderne.devcenter.internal.Newlines$Counter]}",5,5,2,19,2,27.37,2,27,4,535.79,27.04,0.2
src/main/java/io/moderne/devcenter/internal/ScalaLineCounter.java,io.moderne.devcenter.internal.ScalaLineCounter,visitMethodDeclaration,"io.moderne.devcenter.internal.ScalaLineCounter{name=visitMethodDeclaration,return=org.openrewrite.java.tree.J,parameters=[org.openrewrite.java.tree.J$MethodDeclaration,io.moderne.devcenter.internal.Newlines$Counter]}",27,39,3,78,2,97.05,13,95,15,2793.92,90.0,1.33
src/main/java/io/moderne/devcenter/internal/ScalaLineCounter.java,io.moderne.devcenter.internal.ScalaLineCounter,parameters,"io.moderne.devcenter.internal.ScalaLineCounter{name=parameters,return=void,parameters=[java.util.List<org.openrewrite.java.tree.JRightPadded<org.openrewrite.java.tree.Statement>>,boolean,io.moderne.devcenter.internal.Newlines$Counter]}",3,4,2,15,3,15.43,3,15,2,401.54,21.74,0.14
src/main/java/io/moderne/devcenter/internal/ScalaLineCounter.java,io.moderne.devcenter.internal.ScalaLineCounter,parameterNameTypeAndDefault,"io.moderne.devcenter.internal.ScalaLineCounter{name=parameterNameTypeAndDefault,return=void,parameters=[org.openrewrite.java.tree.J$VariableDeclarations,boolean,io.moderne.devcenter.internal.Newlines$Counter]}",7,4,1,15,3,20.71,2,20,5,433.86,16.0,0.12
src/main/java/io/moderne/devcenter/internal/ScalaLineCounter.java,io.moderne.devcenter.internal.ScalaLineCounter,curriedParameters,"io.moderne.devcenter.internal.ScalaLineCounter{name=curriedParameters,return=void,parameters=[org.openrewrite.java.tree.J$Lambda$Parameters,io.moderne.devcenter.internal.Newlines$Counter]}",3,4,2,17,2,19.52,4,19,2,497.06,25.81,0.18
src/main/java/io/moderne/devcenter/internal/ScalaLineCounter.java,io.moderne.devcenter.internal.ScalaLineCounter,visitImport,"io.moderne.devcenter.internal.ScalaLineCounter{name=visitImport,return=org.openrewrite.java.tree.J,parameters=[org.openrewrite.java.tree.J$Import,io.moderne.devcenter.internal.Newlines$Counter]}",4,3,1,12,2,11.18,2,11,0,230.62,10.33,0.06
src/main/java/io/moderne/devcenter/internal/ScalaLineCounter.java,io.moderne.devcenter.internal.ScalaLineCounter,visitClassDeclaration,"io.moderne.devcenter.internal.ScalaLineCounter{name=visitClassDeclaration,return=org.openrewrite.java.tree.J,parameters=[org.openrewrite.java.tree.J$ClassDeclaration,io.moderne.devcenter.internal.Newlines$Counter]}",20,17,3,51,2,83.93,8,82,16,2302.68,77.45,1.06
src/main/java/io/moderne/devcenter/internal/ScalaLineCounter.java,io.moderne.devcenter.internal.ScalaLineCounter,visitBlock,"io.moderne.devcenter.internal.ScalaLineCounter{name=visitBlock,return=org.openrewrite.java.tree.J,parameters=[org.openrewrite.java.tree.J$Block,io.moderne.devcenter.internal.Newlines$Counter]}",4,2,1,12,2,18.14,1,18,2,305.25,16.0,0.1
src/main/java/io/moderne/devcenter/internal/ScalaLineCounter.java,io.moderne.devcenter.internal.ScalaLineCounter,visitReturn,"io.moderne.devcenter.internal.ScalaLineCounter{name=visitReturn,return=org.openrewrite.java.tree.J,parameters=[org.openrewrite.java.tree.J$Return,io.moderne.devcenter.internal.Newlines$Counter]}",2,1,1,9,2,8.0,0,8,0,129.32,7.5,0.03
src/main/java/io/moderne/devcenter/internal/ScalaLineCounter.java,io.moderne.devcenter.internal.ScalaLineCounter,visitForEachLoop,"io.moderne.devcenter.internal.ScalaLineCounter{name=visitForEachLoop,return=org.openrewrite.java.tree.J,parameters=[org.openrewrite.java.tree.J$ForEachLoop,io.moderne.devcenter.internal.Newlines$Counter]}",4,5,2,23,2,31.21,3,31,2,667.81,27.65,0.23
src/main/java/io/moderne/devcenter/internal/ScalaLineCounter.java,io.moderne.devcenter.internal.ScalaLineCounter,visitTypeAscription,"io.moderne.devcenter.internal.ScalaLineCounter{name=visitTypeAscription,return=org.openrewrite.java.tree.J,parameters=[org.openrewrite.scala.tree.S$TypeAscription,io.moderne.devcenter.internal.Newlines$Counter]}",1,0,0,5,2,6.0,0,6,0,93.45,5.09,0.02
src/main/java/io/moderne/devcenter/internal/ScalaLineCounter.java,io.moderne.devcenter.internal.ScalaLineCounter,visitFunctionCall,"io.moderne.devcenter.internal.ScalaLineCounter{name=visitFunctionCall,return=org.openrewrite.java.tree.J,parameters=[org.openrewrite.scala.tree.S$FunctionCall,io.moderne.devcenter.internal.Newlines$Counter]}",3,3,1,12,2,16.0,0,16,0,252.66,14.53,0.08
src/main/java/io/moderne/devcenter/internal/ScalaLineCounter.java,io.moderne.devcenter.internal.ScalaLineCounter,visitTypeCast,"io.moderne.devcenter.internal.ScalaLineCounter{name=visitTypeCast,return=org.openrewrite.java.tree.J,parameters=[org.openrewrite.java.tree.J$TypeCast,io.moderne.devcenter.internal.Newlines$Counter]}",2,1,1,12,2,16.03,1,16,0,295.07,15.0,0.09
src/main/java/io/moderne/devcenter/internal/ScalaLineCounter.java,io.moderne.devcenter.internal.ScalaLineCounter,visitVariableDeclarations,"io.moderne.devcenter.internal.ScalaLineCounter{name=visitVariableDeclarations,return=org.openrewrite.java.tree.J,parameters=[org.openrewrite.java.tree.J$VariableDeclarations,io.moderne.devcenter.internal.Newlines$Counter]}",7,10,2,27,2,28.11,5,27,6,868.56,36.4,0.33
src/main/java/io/moderne/devcenter/internal/ScalaLineCounter.java,io.moderne.devcenter.internal.ScalaLineCounter,visitVariable,"io.moderne.devcenter.internal.ScalaLineCounter{name=visitVariable,return=org.openrewrite.java.tree.J,parameters=[org.openrewrite.java.tree.J$VariableDeclarations$NamedVariable,io.moderne.devcenter.internal.Newlines$Counter]}",2,1,1,9,2,4.24,1,4,1,106.27,6.3,0.03
src/main/java/io/moderne/devcenter/internal/ScalaLineCounter.java,io.moderne.devcenter.internal.ScalaLineCounter,variable,"io.moderne.devcenter.internal.ScalaLineCounter{name=variable,return=void,parameters=[org.openrewrite.java.tree.J$VariableDeclarations$NamedVariable,org.openrewrite.java.tree.J$VariableDeclarations,io.moderne.devcenter.internal.Newlines$Counter]}",3,2,1,11,3,15.13,0,15,2,247.18,12.5,0.07
src/main/java/io/moderne/devcenter/internal/ScalaLineCounter.java,io.moderne.devcenter.internal.ScalaLineCounter,visitNewClass,"io.moderne.devcenter.internal.ScalaLineCounter{name=visitNewClass,return=org.openrewrite.java.tree.J,parameters=[org.openrewrite.java.tree.J$NewClass,io.moderne.devcenter.internal.Newlines$Counter]}",5,8,3,27,2,40.31,4,40,3,903.36,44.22,0.39
src/main/java/io/moderne/devcenter/internal/ScalaLineCounter.java,io.moderne.devcenter.internal.ScalaLineCounter,extraConstructorParamLists,"io.moderne.devcenter.internal.ScalaLineCounter{name=extraConstructorParamLists,return=void,parameters=[org.openrewrite.java.tree.J$NewClass,io.moderne.devcenter.internal.Newlines$Counter]}",1,0,0,3,2,5.0,0,5,0,73.57,3.27,0.01
src/main/java/io/moderne/devcenter/internal/ScalaLineCounter.java,io.moderne.devcenter.internal.ScalaLineCounter,visitParameterizedType,"io.moderne.devcenter.internal.ScalaLineCounter{name=visitParameterizedType,return=org.openrewrite.java.tree.J,parameters=[org.openrewrite.java.tree.J$ParameterizedType,io.moderne.devcenter.internal.Newlines$Counter]}",4,2,1,17,2,24.17,2,24,2,499.71,20.0,0.15
src/main/java/io/moderne/devcenter/internal/ScalaLineCounter.java,io.moderne.devcenter.internal.ScalaLineCounter,visitInstanceOf,"io.moderne.devcenter.internal.ScalaLineCounter{name=visitInstanceOf,return=org.openrewrite.java.tree.J,parameters=[org.openrewrite.java.tree.J$InstanceOf,io.moderne.devcenter.internal.Newlines$Counter]}",1,0,0,7,2,7.0,0,7,0,89.92,6.22,0.02
src/main/java/io/moderne/devcenter/internal/ScalaLineCounter.java,io.moderne.devcenter.internal.ScalaLineCounter,visitNewArray,"io.moderne.devcenter.internal.ScalaLineCounter{name=visitNewArray,return=org.openrewrite.java.tree.J,parameters=[org.openrewrite.java.tree.J$NewArray,io.moderne.devcenter.internal.Newlines$Counter]}",1,0,0,7,2,7.0,0,7,0,89.92,6.22,0.02
src/main/java/io/moderne/devcenter/internal/ScalaLineCounter.java,io.moderne.devcenter.internal.ScalaLineCounter,visitMethodInvocation,"io.moderne.devcenter.internal.ScalaLineCounter{name=visitMethodInvocation,return=org.openrewrite.java.tree.J,parameters=[org.openrewrite.java.tree.J$MethodInvocation,io.moderne.devcenter.internal.Newlines$Counter]}",16,21,2,61,2,74.48,6,74,6,1659.84,60.0,0.72
src/main/java/io/moderne/devcenter/internal/ScalaLineCounter.java,io.moderne.devcenter.internal.ScalaLineCounter,visitMemberReference,"io.moderne.devcenter.internal.ScalaLineCounter{name=visitMemberReference,return=org.openrewrite.java.tree.J,parameters=[org.openrewrite.java.tree.J$MemberReference,io.moderne.devcenter.internal.Newlines$Counter]}",1,0,0,7,2,9.0,0,9,0,110.45,7.2,0.03
src/main/java/io/moderne/devcenter/internal/ScalaLineCounter.java,io.moderne.devcenter.internal.ScalaLineCounter,visitLambda,"io.moderne.devcenter.internal.ScalaLineCounter{name=visitLambda,return=org.openrewrite.java.tree.J,parameters=[org.openrewrite.java.tree.J$Lambda,io.moderne.devcenter.internal.Newlines$Counter]}",5,4,1,24,2,33.3,4,33,2,800.65,35.34,0.31
src/main/java/io/moderne/devcenter/internal/ScalaLineCounter.java,io.moderne.devcenter.internal.ScalaLineCounter,visitTypeAlias,"io.moderne.devcenter.internal.ScalaLineCounter{name=visitTypeAlias,return=org.openrewrite.java.tree.J,parameters=[org.openrewrite.scala.tree.S$TypeAlias,io.moderne.devcenter.internal.Newlines$Counter]}",1,0,0,5,2,3.0,0,3,0,39.86,2.67,0.01
src/main/java/io/moderne/devcenter/internal/ScalaLineCounter.java,io.moderne.devcenter.internal.ScalaLineCounter,visitExport,"io.moderne.devcenter.internal.ScalaLineCounter{name=visitExport,return=org.openrewrite.java.tree.J,parameters=[org.openrewrite.scala.tree.S$Export,io.moderne.devcenter.internal.Newlines$Counter]}",6,5,2,14,2,13.38,3,13,1,355.89,16.13,0.11
src/main/java/io/moderne/devcenter/internal/ScalaLineCounter.java,io.moderne.devcenter.internal.ScalaLineCounter,visitImportSelector,"io.moderne.devcenter.internal.ScalaLineCounter{name=visitImportSelector,return=org.openrewrite.java.tree.J,parameters=[org.openrewrite.scala.tree.S$ImportSelector,io.moderne.devcenter.internal.Newlines$Counter]}",3,4,1,11,2,12.17,0,12,2,213.75,15.38,0.07
src/main/java/io/moderne/devcenter/internal/ScalaLineCounter.java,io.moderne.devcenter.internal.ScalaLineCounter,visitPatternDefinition,"io.moderne.devcenter.internal.ScalaLineCounter{name=visitPatternDefinition,return=org.openrewrite.java.tree.J,parameters=[org.openrewrite.scala.tree.S$PatternDefinition,io.moderne.devcenter.internal.Newlines$Counter]}",1,0,0,5,2,3.0,0,3,0,39.86,2.67,0.01
src/main/java/io/moderne/devcenter/internal/ScalaLineCounter.java,io.moderne.devcenter.internal.ScalaLineCounter,visitAnonymousGiven,"io.moderne.devcenter.internal.ScalaLineCounter{name=visitAnonymousGiven,return=org.openrewrite.java.tree.J,parameters=[org.openrewrite.scala.tree.S$AnonymousGiven,io.moderne.devcenter.internal.Newlines$Counter]}",1,0,0,5,2,6.0,0,6,0,99.4,5.0,0.02
src/main/java/io/moderne/devcenter/internal/ScalaLineCounter.java,io.moderne.devcenter.internal.ScalaLineCounter,visitXmlLiteral,"io.moderne.devcenter.internal.ScalaLineCounter{name=visitXmlLiteral,return=org.openrewrite.java.tree.J,parameters=[org.openrewrite.scala.tree.S$XmlLiteral,io.moderne.devcenter.internal.Newlines$Counter]}",1,0,0,5,2,3.0,0,3,0,39.86,2.67,0.01
src/main/java/io/moderne/devcenter/internal/ScalaLineCounter.java,io.moderne.devcenter.internal.ScalaLineCounter,visitInterpolatedString,"io.moderne.devcenter.internal.ScalaLineCounter{name=visitInterpolatedString,return=org.openrewrite.java.tree.J,parameters=[org.openrewrite.scala.tree.S$InterpolatedString,io.moderne.devcenter.internal.Newlines$Counter]}",1,0,0,5,2,3.0,0,3,0,39.86,2.67,0.01
src/main/java/io/moderne/devcenter/internal/ScalaLineCounter.java,io.moderne.devcenter.internal.ScalaLineCounter,visitExtensionMethods,"io.moderne.devcenter.internal.ScalaLineCounter{name=visitExtensionMethods,return=org.openrewrite.java.tree.J,parameters=[org.openrewrite.scala.tree.S$ExtensionMethods,io.moderne.devcenter.internal.Newlines$Counter]}",1,0,0,11,2,14.04,1,14,0,230.0,10.61,0.06
src/main/java/io/moderne/devcenter/internal/TomlLineCounter.java,io.moderne.devcenter.internal.TomlLineCounter,TomlLineCounter,"io.moderne.devcenter.internal.TomlLineCounter{name=<constructor>,return=io.moderne.devcenter.internal.TomlLineCounter,parameters=[]}",1,0,0,2,0,0.0,0,0,0,0.0,0.0,0.0
src/main/java/io/moderne/devcenter/internal/TomlLineCounter.java,io.moderne.devcenter.internal.TomlLineCounter,count,"io.moderne.devcenter.internal.TomlLineCounter{name=count,return=long,parameters=[org.openrewrite.toml.tree.Toml$Document]}",2,1,1,9,1,8.06,1,8,0,129.66,8.18,0.03
src/main/java/io/moderne/devcenter/internal/TomlLineCounter.java,io.moderne.devcenter.internal.TomlLineCounter,toml,"io.moderne.devcenter.internal.TomlLineCounter{name=toml,return=void,parameters=[org.openrewrite.toml.tree.Toml]}",4,13,2,32,1,32.08,2,32,1,774.83,30.75,0.28
src/main/java/io/moderne/devcenter/internal/TomlLineCounter.java,io.moderne.devcenter.internal.TomlLineCounter,rightPadded,"io.moderne.devcenter.internal.TomlLineCounter{name=rightPadded,return=void,parameters=[java.util.List<Generic{? extends org.openrewrite.toml.tree.TomlRightPadded<Generic{? extends org.openrewrite.toml.tree.Toml}>}>,boolean]}",4,4,2,8,2,5.48,1,5,2,118.94,8.89,0.03
src/main/java/io/moderne/devcenter/internal/TomlLineCounter.java,io.moderne.devcenter.internal.TomlLineCounter,rightPadded,"io.moderne.devcenter.internal.TomlLineCounter{name=rightPadded,return=void,parameters=[org.openrewrite.toml.tree.TomlRightPadded<Generic{? extends org.openrewrite.toml.tree.Toml}>]}",2,1,1,6,1,4.12,0,4,1,50.19,4.0,0.01
src/main/java/io/moderne/devcenter/internal/TomlLineCounter.java,io.moderne.devcenter.internal.TomlLineCounter,space,"io.moderne.devcenter.internal.TomlLineCounter{name=space,return=void,parameters=[org.openrewrite.toml.tree.Space]}",3,2,1,11,1,8.06,0,8,1,121.01,8.0,0.03
src/main/java/io/moderne/devcenter/internal/XmlLineCounter.java,io.moderne.devcenter.internal.XmlLineCounter,XmlLineCounter,"io.moderne.devcenter.internal.XmlLineCounter{name=<constructor>,return=io.moderne.devcenter.internal.XmlLineCounter,parameters=[]}",1,0,0,2,0,0.0,0,0,0,0.0,0.0,0.0
src/main/java/io/moderne/devcenter/internal/XmlLineCounter.java,io.moderne.devcenter.internal.XmlLineCounter,count,"io.moderne.devcenter.internal.XmlLineCounter{name=count,return=long,parameters=[org.openrewrite.xml.tree.Xml$Document]}",1,0,0,5,1,3.16,1,3,0,36.0,4.0,0.01
src/main/java/io/moderne/devcenter/internal/XmlLineCounter.java,io.moderne.devcenter.internal.XmlLineCounter,document,"io.moderne.devcenter.internal.XmlLineCounter{name=document,return=void,parameters=[org.openrewrite.xml.tree.Xml$Document]}",3,2,1,12,1,11.05,0,11,1,142.7,9.0,0.04
src/main/java/io/moderne/devcenter/internal/XmlLineCounter.java,io.moderne.devcenter.internal.XmlLineCounter,prolog,"io.moderne.devcenter.internal.XmlLineCounter{name=prolog,return=void,parameters=[org.openrewrite.xml.tree.Xml$Prolog]}",3,2,1,16,1,16.16,1,16,2,257.62,14.53,0.08
src/main/java/io/moderne/devcenter/internal/XmlLineCounter.java,io.moderne.devcenter.internal.XmlLineCounter,nodes,"io.moderne.devcenter.internal.XmlLineCounter{name=nodes,return=void,parameters=[java.util.List<Generic{? extends org.openrewrite.xml.tree.Xml}>]}",3,3,2,7,1,1.41,0,1,1,33.0,3.5,0.01
src/main/java/io/moderne/devcenter/internal/XmlLineCounter.java,io.moderne.devcenter.internal.XmlLineCounter,node,"io.moderne.devcenter.internal.XmlLineCounter{name=node,return=void,parameters=[org.openrewrite.xml.tree.Xml]}",3,23,2,46,1,50.17,4,50,1,1416.99,48.21,0.56
src/main/java/io/moderne/devcenter/internal/XmlLineCounter.java,io.moderne.devcenter.internal.XmlLineCounter,tag,"io.moderne.devcenter.internal.XmlLineCounter{name=tag,return=void,parameters=[org.openrewrite.xml.tree.Xml$Tag]}",3,2,1,15,1,22.11,1,22,2,346.36,16.19,0.11
src/main/java/io/moderne/devcenter/internal/XmlLineCounter.java,io.moderne.devcenter.internal.XmlLineCounter,attributes,"io.moderne.devcenter.internal.XmlLineCounter{name=attributes,return=void,parameters=[java.util.List<org.openrewrite.xml.tree.Xml$Attribute>]}",3,2,1,16,1,16.06,1,16,1,246.12,12.96,0.07
src/main/java/io/moderne/devcenter/internal/XmlLineCounter.java,io.moderne.devcenter.internal.XmlLineCounter,charData,"io.moderne.devcenter.internal.XmlLineCounter{name=charData,return=void,parameters=[org.openrewrite.xml.tree.Xml$CharData]}",2,2,1,11,1,11.0,0,11,0,113.3,9.14,0.03
src/main/java/io/moderne/devcenter/internal/XmlLineCounter.java,io.moderne.devcenter.internal.XmlLineCounter,docTypeDecl,"io.moderne.devcenter.internal.XmlLineCounter{name=docTypeDecl,return=void,parameters=[org.openrewrite.xml.tree.Xml$DocTypeDecl]}",6,9,3,27,1,27.09,1,27,2,475.63,20.71,0.15
src/main/java/io/moderne/devcenter/internal/XmlLineCounter.java,io.moderne.devcenter.internal.XmlLineCounter,ident,"io.moderne.devcenter.internal.XmlLineCounter{name=ident,return=void,parameters=[org.openrewrite.xml.tree.Xml$Ident]}",2,1,1,6,1,4.12,0,4,1,46.51,4.0,0.01
src/main/java/io/moderne/devcenter/internal/XmlLineCounter.java,io.moderne.devcenter.internal.XmlLineCounter,jsp,"io.moderne.devcenter.internal.XmlLineCounter{name=jsp,return=void,parameters=[java.lang.String,java.lang.String]}",1,0,0,6,2,4.0,0,4,0,25.85,1.5,0.0
src/main/java/io/moderne/devcenter/internal/YamlLineCounter.java,io.moderne.devcenter.internal.YamlLineCounter,YamlLineCounter,"io.moderne.devcenter.internal.YamlLineCounter{name=<constructor>,return=io.moderne.devcenter.internal.YamlLineCounter,parameters=[]}",1,0,0,2,0,0.0,0,0,0,0.0,0.0,0.0
src/main/java/io/moderne/devcenter/internal/YamlLineCounter.java,io.moderne.devcenter.internal.YamlLineCounter,count,"io.moderne.devcenter.internal.YamlLineCounter{name=count,return=long,parameters=[org.openrewrite.yaml.tree.Yaml$Documents]}",2,1,1,8,1,6.08,1,6,0,104.25,6.8,0.03
src/main/java/io/moderne/devcenter/internal/YamlLineCounter.java,io.moderne.devcenter.internal.YamlLineCounter,document,"io.moderne.devcenter.internal.YamlLineCounter{name=document,return=void,parameters=[org.openrewrite.yaml.tree.Yaml$Document]}",6,7,2,23,1,19.21,2,19,2,358.15,14.63,0.1
src/main/java/io/moderne/devcenter/internal/YamlLineCounter.java,io.moderne.devcenter.internal.YamlLineCounter,block,"io.moderne.devcenter.internal.YamlLineCounter{name=block,return=void,parameters=[org.openrewrite.yaml.tree.Yaml]}",11,21,3,59,1,61.16,4,61,2,1464.5,54.86,0.62
src/main/java/io/moderne/devcenter/internal/YamlLineCounter.java,io.moderne.devcenter.internal.YamlLineCounter,anchor,"io.moderne.devcenter.internal.YamlLineCounter{name=anchor,return=void,parameters=[org.openrewrite.yaml.tree.Yaml$Anchor]}",2,1,1,8,1,7.07,0,7,1,79.95,6.0,0.02
src/main/java/io/moderne/devcenter/internal/YamlLineCounter.java,io.moderne.devcenter.internal.YamlLineCounter,tag,"io.moderne.devcenter.internal.YamlLineCounter{name=tag,return=void,parameters=[org.openrewrite.yaml.tree.Yaml$Tag]}",2,1,1,7,1,8.06,0,8,1,96.0,7.0,0.03
src/main/java/io/moderne/devcenter/internal/YamlLineCounter.java,io.moderne.devcenter.internal.YamlLineCounter,bracket,"io.moderne.devcenter.internal.YamlLineCounter{name=bracket,return=void,parameters=[java.lang.String]}",2,1,1,6,1,2.24,0,2,1,27.0,2.5,0.01
src/main/java/io/moderne/devcenter/result/DevCenterResult.java,io.moderne.devcenter.result.DevCenterResult,forEach,"io.moderne.devcenter.result.DevCenterResult{name=forEach,return=void,parameters=[io.moderne.devcenter.DevCenter$Card,java.util.function.BiConsumer<Generic{? super io.moderne.devcenter.DevCenterMeasure}, java.lang.Integer>]}",2,1,1,6,2,3.32,1,3,1,60.92,3.06,0.01
src/main/java/io/moderne/devcenter/result/DevCenterResult.java,io.moderne.devcenter.result.DevCenterResult$ByMeasure,ByMeasure,"io.moderne.devcenter.result.DevCenterResult$ByMeasure{name=<constructor>,return=io.moderne.devcenter.result.DevCenterResult$ByMeasure,parameters=[]}",1,0,0,3,0,2.24,1,2,0,28.53,1.5,0.0
src/main/java/io/moderne/devcenter/result/DevCenterResultReducer.java,io.moderne.devcenter.result.DevCenterResultReducer,reduce,"io.moderne.devcenter.result.DevCenterResultReducer{name=reduce,return=io.moderne.devcenter.result.DevCenterResult,parameters=[io.moderne.organizations.Organization<Generic{?}>]}",11,21,3,46,1,39.94,7,39,5,1164.9,34.6,0.39
src/main/java/io/moderne/devcenter/result/DevCenterResultReducer.java,io.moderne.devcenter.result.DevCenterResultReducer,fromDataTables,"io.moderne.devcenter.result.DevCenterResultReducer{name=fromDataTables,return=io.moderne.devcenter.result.DevCenterResultReducer,parameters=[io.moderne.devcenter.DevCenter,io.moderne.organizations.Organization<Generic{?}>,java.io.Reader,java.io.Reader]}",4,3,1,20,4,10.05,2,9,4,279.69,8.36,0.06
src/main/java/io/moderne/devcenter/result/DevCenterResultReducer.java,io.moderne.devcenter.result.DevCenterResultReducer,repositoryMap,"io.moderne.devcenter.result.DevCenterResultReducer{name=repositoryMap,return=java.util.Map<io.moderne.organizations.RepositoryId, java.util.List<io.moderne.organizations.Organization<io.moderne.devcenter.result.RepositoryResult>>>,parameters=[io.moderne.organizations.Organization<io.moderne.devcenter.result.RepositoryResult>,java.util.Map<io.moderne.organizations.RepositoryId, java.util.List<io.moderne.organizations.Organization<io.moderne.devcenter.result.RepositoryResult>>>]}",3,2,1,11,2,7.0,0,7,0,153.25,7.33,0.04
src/main/java/io/moderne/devcenter/result/SecurityIssuesReader.java,io.moderne.devcenter.result.SecurityIssuesReader,read,"io.moderne.devcenter.result.SecurityIssuesReader{name=read,return=void,parameters=[java.io.Reader]}",21,40,5,74,1,38.54,19,32,10,1622.38,46.58,0.6
src/main/java/io/moderne/devcenter/result/SecurityIssuesReader.java,io.moderne.devcenter.result.SecurityIssuesReader$SecurityIssuesColumn,fromString,"io.moderne.devcenter.result.SecurityIssuesReader$SecurityIssuesColumn{name=fromString,return=io.moderne.devcenter.result.SecurityIssuesReader$SecurityIssuesColumn,parameters=[java.lang.String]}",3,3,2,8,1,2.0,0,2,0,51.89,3.75,0.01
src/main/java/io/moderne/devcenter/result/UpgradesAndMigrationsReader.java,io.moderne.devcenter.result.UpgradesAndMigrationsReader,read,"io.moderne.devcenter.result.UpgradesAndMigrationsReader{name=read,return=void,parameters=[java.io.Reader]}",24,53,7,82,1,39.86,20,33,10,1720.66,48.46,0.64
src/main/java/io/moderne/devcenter/result/UpgradesAndMigrationsReader.java,io.moderne.devcenter.result.UpgradesAndMigrationsReader$UpgradesAndMigrationsColumn,fromString,"io.moderne.devcenter.result.UpgradesAndMigrationsReader$UpgradesAndMigrationsColumn{name=fromString,return=io.moderne.devcenter.result.UpgradesAndMigrationsReader$UpgradesAndMigrationsColumn,parameters=[java.lang.String]}",3,3,2,8,1,2.0,0,2,0,51.89,3.75,0.01
src/main/java/io/moderne/devcenter/table/OrganizationStatistics.java,io.moderne.devcenter.table.OrganizationStatistics,OrganizationStatistics,"io.moderne.devcenter.table.OrganizationStatistics{name=<constructor>,return=io.moderne.devcenter.table.OrganizationStatistics,parameters=[org.openrewrite.Recipe]}",1,0,0,4,1,1.0,0,1,0,8.0,0.5,0.0
src/main/java/io/moderne/devcenter/table/SecurityIssues.java,io.moderne.devcenter.table.SecurityIssues,SecurityIssues,"io.moderne.devcenter.table.SecurityIssues{name=<constructor>,return=io.moderne.devcenter.table.SecurityIssues,parameters=[org.openrewrite.Recipe]}",1,0,0,3,1,1.0,0,1,0,8.0,0.5,0.0
src/main/java/io/moderne/devcenter/table/UpgradesAndMigrations.java,io.moderne.devcenter.table.UpgradesAndMigrations,getBestRows,"io.moderne.devcenter.table.UpgradesAndMigrations{name=getBestRows,return=java.util.Map<java.lang.String, io.moderne.devcenter.table.UpgradesAndMigrations$Row>,parameters=[org.openrewrite.ExecutionContext]}",1,0,0,3,1,2.0,0,2,0,28.53,2.0,0.0
src/main/java/io/moderne/devcenter/table/UpgradesAndMigrations.java,io.moderne.devcenter.table.UpgradesAndMigrations,UpgradesAndMigrations,"io.moderne.devcenter.table.UpgradesAndMigrations{name=<constructor>,return=io.moderne.devcenter.table.UpgradesAndMigrations,parameters=[]}",1,0,0,3,0,1.0,0,1,0,4.75,0.5,0.0
src/main/java/io/moderne/devcenter/table/UpgradesAndMigrations.java,io.moderne.devcenter.table.UpgradesAndMigrations,UpgradesAndMigrations,"io.moderne.devcenter.table.UpgradesAndMigrations{name=<constructor>,return=io.moderne.devcenter.table.UpgradesAndMigrations,parameters=[Generic{T extends io.moderne.devcenter.UpgradeMigrationCard}]}",1,0,0,3,1,1.0,0,1,0,8.0,0.5,0.0
src/main/java/io/moderne/devcenter/table/UpgradesAndMigrations.java,io.moderne.devcenter.table.UpgradesAndMigrations,insertRow,"io.moderne.devcenter.table.UpgradesAndMigrations{name=insertRow,return=void,parameters=[org.openrewrite.ExecutionContext,io.moderne.devcenter.UpgradeMigrationCard,Generic{E extends io.moderne.devcenter.DevCenterMeasure},java.lang.String]}",1,0,0,11,4,5.0,0,5,0,66.42,3.0,0.01
src/main/java/io/moderne/devcenter/table/UpgradesAndMigrations.java,io.moderne.devcenter.table.UpgradesAndMigrations,allowWritingInThisCycle,"io.moderne.devcenter.table.UpgradesAndMigrations{name=allowWritingInThisCycle,return=boolean,parameters=[org.openrewrite.ExecutionContext]}",1,0,0,22,1,0.0,0,0,0,2.0,0.5,0.0
src/main/java/io/moderne/devcenter/table/UpgradesAndMigrations.java,io.moderne.devcenter.table.UpgradesAndMigrations,insertRow,"io.moderne.devcenter.table.UpgradesAndMigrations{name=insertRow,return=void,parameters=[org.openrewrite.ExecutionContext,io.moderne.devcenter.table.UpgradesAndMigrations$Row]}",1,0,0,4,2,3.0,0,3,0,36.54,1.71,0.01
src/main/java/io/moderne/devcenter/table/UpgradesAndMigrations.java,io.moderne.devcenter.table.UpgradesAndMigrations,bestOrdinal,"io.moderne.devcenter.table.UpgradesAndMigrations{name=bestOrdinal,return=int,parameters=[org.openrewrite.ExecutionContext,java.lang.String]}",3,2,0,5,2,4.12,2,3,2,125.34,4.5,0.02
src/main/java/io/moderne/devcenter/table/UpgradesAndMigrations.java,io.moderne.devcenter.table.UpgradesAndMigrations,flushBestRow,"io.moderne.devcenter.table.UpgradesAndMigrations{name=flushBestRow,return=void,parameters=[org.openrewrite.ExecutionContext,java.lang.String]}",2,1,1,6,2,3.32,1,3,1,59.21,3.44,0.01
src/main/java/io/moderne/devcenter/table/UpgradesAndMigrations.java,io.moderne.devcenter.table.UpgradesAndMigrations,bestRow,"io.moderne.devcenter.table.UpgradesAndMigrations{name=bestRow,return=io.moderne.devcenter.table.UpgradesAndMigrations$Row,parameters=[io.moderne.devcenter.table.UpgradesAndMigrations$Row,io.moderne.devcenter.table.UpgradesAndMigrations$Row]}",6,6,1,15,2,13.0,0,12,5,261.34,18.32,0.09
src/test/java/io/moderne/devcenter/AngularVersionUpgradeTest.java,io.moderne.devcenter.AngularVersionUpgradeTest,angularMarker,"io.moderne.devcenter.AngularVersionUpgradeTest{name=angularMarker,return=org.openrewrite.javascript.marker.NodeResolutionResult,parameters=[java.lang.String,java.lang.String]}",2,1,0,12,2,15.17,2,15,1,312.13,9.0,0.07
src/test/java/io/moderne/devcenter/AngularVersionUpgradeTest.java,io.moderne.devcenter.AngularVersionUpgradeTest,skipsWhenNoAngularCore,"io.moderne.devcenter.AngularVersionUpgradeTest{name=skipsWhenNoAngularCore,return=void,parameters=[]}",1,0,0,16,0,13.04,1,13,0,249.12,8.44,0.05
src/test/java/io/moderne/devcenter/AngularVersionUpgradeTest.java,io.moderne.devcenter.AngularVersionUpgradeTest,skipsAngularJsLegacyPackage,"io.moderne.devcenter.AngularVersionUpgradeTest{name=skipsAngularJsLegacyPackage,return=void,parameters=[]}",1,0,0,16,0,14.14,2,14,0,299.32,8.18,0.06
src/test/java/io/moderne/devcenter/AngularVersionUpgradeTest.java,io.moderne.devcenter.AngularVersionUpgradeTest,angularVersions,"io.moderne.devcenter.AngularVersionUpgradeTest{name=angularVersions,return=java.util.stream.Stream<org.junit.jupiter.params.provider.Arguments>,parameters=[]}",1,0,0,21,0,16.0,0,16,0,696.22,2.28,0.05
src/test/java/io/moderne/devcenter/AngularVersionUpgradeTest.java,io.moderne.devcenter.AngularVersionUpgradeTest,detectsAngularVersion,"io.moderne.devcenter.AngularVersionUpgradeTest{name=detectsAngularVersion,return=void,parameters=[int,java.lang.String,java.lang.String,int,io.moderne.devcenter.AngularVersionUpgrade$Measure]}",1,0,0,19,5,13.04,1,13,0,294.67,9.85,0.07
src/test/java/io/moderne/devcenter/AngularVersionUpgradeTest.java,io.moderne.devcenter.AngularVersionUpgradeTest,targetAndMeasures,"io.moderne.devcenter.AngularVersionUpgradeTest{name=targetAndMeasures,return=java.util.stream.Stream<org.junit.jupiter.params.provider.Arguments>,parameters=[]}",1,0,0,13,0,11.0,0,11,0,267.62,3.0,0.03
src/test/java/io/moderne/devcenter/AngularVersionUpgradeTest.java,io.moderne.devcenter.AngularVersionUpgradeTest,measuresFilterUnreachableLagBuckets,"io.moderne.devcenter.AngularVersionUpgradeTest{name=measuresFilterUnreachableLagBuckets,return=void,parameters=[int,java.util.List<io.moderne.devcenter.AngularVersionUpgrade$Measure>,int]}",1,0,0,9,3,7.07,1,7,0,108.05,3.86,0.02
src/test/java/io/moderne/devcenter/BucketedMetricCardTest.java,io.moderne.devcenter.BucketedMetricCardTest,pipelineYaml,"io.moderne.devcenter.BucketedMetricCardTest{name=pipelineYaml,return=java.lang.String,parameters=[java.lang.String,java.lang.String]}",1,0,0,24,2,1.0,0,1,0,28.53,1.0,0.0
src/test/java/io/moderne/devcenter/BucketedMetricCardTest.java,io.moderne.devcenter.BucketedMetricCardTest,averageLandsInMedium,"io.moderne.devcenter.BucketedMetricCardTest{name=averageLandsInMedium,return=void,parameters=[]}",1,0,0,15,0,8.0,0,8,0,165.17,5.4,0.03
src/test/java/io/moderne/devcenter/BucketedMetricCardTest.java,io.moderne.devcenter.BucketedMetricCardTest,maxLandsInLow,"io.moderne.devcenter.BucketedMetricCardTest{name=maxLandsInLow,return=void,parameters=[]}",1,0,0,14,0,8.0,0,8,0,165.17,5.4,0.03
src/test/java/io/moderne/devcenter/BucketedMetricCardTest.java,io.moderne.devcenter.BucketedMetricCardTest,minLandsInHigh,"io.moderne.devcenter.BucketedMetricCardTest{name=minLandsInHigh,return=void,parameters=[]}",1,0,0,14,0,8.0,0,8,0,165.17,5.4,0.03
src/test/java/io/moderne/devcenter/BucketedMetricCardTest.java,io.moderne.devcenter.BucketedMetricCardTest,sumLandsInLow,"io.moderne.devcenter.BucketedMetricCardTest{name=sumLandsInLow,return=void,parameters=[]}",1,0,0,14,0,8.0,0,8,0,165.17,5.4,0.03
src/test/java/io/moderne/devcenter/BucketedMetricCardTest.java,io.moderne.devcenter.BucketedMetricCardTest,countLandsInMedium,"io.moderne.devcenter.BucketedMetricCardTest{name=countLandsInMedium,return=void,parameters=[]}",1,0,0,14,0,8.0,0,8,0,165.17,5.4,0.03
src/test/java/io/moderne/devcenter/BucketedMetricCardTest.java,io.moderne.devcenter.BucketedMetricCardTest,uniqueCountsDistinctValues,"io.moderne.devcenter.BucketedMetricCardTest{name=uniqueCountsDistinctValues,return=void,parameters=[]}",1,0,0,14,0,8.0,0,8,0,165.17,5.4,0.03
src/test/java/io/moderne/devcenter/BucketedMetricCardTest.java,io.moderne.devcenter.BucketedMetricCardTest,aggregationIsCaseInsensitive,"io.moderne.devcenter.BucketedMetricCardTest{name=aggregationIsCaseInsensitive,return=void,parameters=[]}",1,0,0,14,0,8.0,0,8,0,165.17,5.4,0.03
src/test/java/io/moderne/devcenter/BucketedMetricCardTest.java,io.moderne.devcenter.BucketedMetricCardTest,noRowsWhenAverageHasNoInput,"io.moderne.devcenter.BucketedMetricCardTest{name=noRowsWhenAverageHasNoInput,return=void,parameters=[]}",1,0,0,14,0,8.0,0,8,0,142.65,5.0,0.03
src/test/java/io/moderne/devcenter/BucketedMetricCardTest.java,io.moderne.devcenter.BucketedMetricCardTest,countOnEmptyInputStillInserts,"io.moderne.devcenter.BucketedMetricCardTest{name=countOnEmptyInputStillInserts,return=void,parameters=[]}",1,0,0,14,0,8.0,0,8,0,165.17,5.4,0.03
src/test/java/io/moderne/devcenter/BucketedMetricCardTest.java,io.moderne.devcenter.BucketedMetricCardTest,measuresFollowListOrder,"io.moderne.devcenter.BucketedMetricCardTest{name=measuresFollowListOrder,return=void,parameters=[]}",1,0,0,20,0,11.05,1,11,0,232.85,4.32,0.03
src/test/java/io/moderne/devcenter/BucketedMetricCardTest.java,io.moderne.devcenter.BucketedMetricCardTest$LcomTable,LcomTable,"io.moderne.devcenter.BucketedMetricCardTest$LcomTable{name=<constructor>,return=io.moderne.devcenter.BucketedMetricCardTest$LcomTable,parameters=[org.openrewrite.Recipe]}",1,0,0,3,1,1.0,0,1,0,8.0,0.5,0.0
src/test/java/io/moderne/devcenter/BucketedMetricCardTest.java,io.moderne.devcenter.BucketedMetricCardTest$EmitLcomValues,getVisitor,"io.moderne.devcenter.BucketedMetricCardTest$EmitLcomValues{name=getVisitor,return=org.openrewrite.TreeVisitor<Generic{?}, org.openrewrite.ExecutionContext>,parameters=[]}",2,1,1,13,0,4.0,0,4,0,121.01,3.5,0.02
src/test/java/io/moderne/devcenter/BuildToolCardTest.java,io.moderne.devcenter.BuildToolCardTest,detectsMajorVersionBehind,"io.moderne.devcenter.BuildToolCardTest{name=detectsMajorVersionBehind,return=void,parameters=[]}",1,0,0,21,0,13.04,1,13,0,310.74,8.69,0.06
src/test/java/io/moderne/devcenter/BuildToolCardTest.java,io.moderne.devcenter.BuildToolCardTest,detectsMinorVersionBehind,"io.moderne.devcenter.BuildToolCardTest{name=detectsMinorVersionBehind,return=void,parameters=[]}",1,0,0,21,0,13.04,1,13,0,310.74,8.69,0.06
src/test/java/io/moderne/devcenter/BuildToolCardTest.java,io.moderne.devcenter.BuildToolCardTest,detectsPatchVersionBehind,"io.moderne.devcenter.BuildToolCardTest{name=detectsPatchVersionBehind,return=void,parameters=[]}",1,0,0,21,0,13.04,1,13,0,310.74,8.69,0.06
src/test/java/io/moderne/devcenter/BuildToolCardTest.java,io.moderne.devcenter.BuildToolCardTest,detectsCompleted,"io.moderne.devcenter.BuildToolCardTest{name=detectsCompleted,return=void,parameters=[]}",1,0,0,21,0,13.04,1,13,0,310.74,8.69,0.06
src/test/java/io/moderne/devcenter/BuildToolCardTest.java,io.moderne.devcenter.BuildToolCardTest,filtersByBuildToolCaseInsensitive,"io.moderne.devcenter.BuildToolCardTest{name=filtersByBuildToolCaseInsensitive,return=void,parameters=[]}",1,0,0,21,0,13.04,1,13,0,310.74,8.69,0.06
src/test/java/io/moderne/devcenter/BuildToolCardTest.java,io.moderne.devcenter.BuildToolCardTest,getMeasuresReturnsSemverMeasures,"io.moderne.devcenter.BuildToolCardTest{name=getMeasuresReturnsSemverMeasures,return=void,parameters=[]}",1,0,0,6,0,5.1,1,5,0,73.57,2.71,0.01
src/test/java/io/moderne/devcenter/BuildToolCardTest.java,io.moderne.devcenter.BuildToolCardTest,instanceNameIsCardName,"io.moderne.devcenter.BuildToolCardTest{name=instanceNameIsCardName,return=void,parameters=[]}",1,0,0,5,0,4.12,1,4,0,60.92,2.4,0.01
src/test/java/io/moderne/devcenter/BuildToolCardTest.java,io.moderne.devcenter.BuildToolCardTest,noFixRecipe,"io.moderne.devcenter.BuildToolCardTest{name=noFixRecipe,return=void,parameters=[]}",1,0,0,5,0,4.12,1,4,0,57.11,2.2,0.01
src/test/java/io/moderne/devcenter/BuildToolCardTest.java,io.moderne.devcenter.BuildToolCardTest,argFixRecipe,"io.moderne.devcenter.BuildToolCardTest{name=argFixRecipe,return=void,parameters=[]}",1,0,0,5,0,4.12,1,4,0,60.92,2.4,0.01
src/test/java/io/moderne/devcenter/CSharpVersionUpgradeTest.java,io.moderne.devcenter.CSharpVersionUpgradeTest,msBuildMarker,"io.moderne.devcenter.CSharpVersionUpgradeTest{name=msBuildMarker,return=org.openrewrite.csharp.marker.MSBuildProject,parameters=[java.lang.String[]]}",1,0,0,11,1,11.05,1,11,0,175.93,8.25,0.04
src/test/java/io/moderne/devcenter/CSharpVersionUpgradeTest.java,io.moderne.devcenter.CSharpVersionUpgradeTest,dotnetVersions,"io.moderne.devcenter.CSharpVersionUpgradeTest{name=dotnetVersions,return=java.util.stream.Stream<org.junit.jupiter.params.provider.Arguments>,parameters=[]}",1,0,0,13,0,10.0,0,10,0,294.29,2.95,0.03
src/test/java/io/moderne/devcenter/CSharpVersionUpgradeTest.java,io.moderne.devcenter.CSharpVersionUpgradeTest,usesLowestVersionWhenMultiTargeting,"io.moderne.devcenter.CSharpVersionUpgradeTest{name=usesLowestVersionWhenMultiTargeting,return=void,parameters=[]}",1,0,0,18,0,12.04,1,12,0,258.5,8.75,0.06
src/test/java/io/moderne/devcenter/CSharpVersionUpgradeTest.java,io.moderne.devcenter.CSharpVersionUpgradeTest,detectsDotNetVersion,"io.moderne.devcenter.CSharpVersionUpgradeTest{name=detectsDotNetVersion,return=void,parameters=[int,java.lang.String,java.lang.String,io.moderne.devcenter.CSharpVersionUpgrade$Measure]}",1,0,0,20,4,12.04,1,12,0,265.68,9.48,0.06
src/test/java/io/moderne/devcenter/CSharpVersionUpgradeTest.java,io.moderne.devcenter.CSharpVersionUpgradeTest,skipsWhenNoTargetFrameworks,"io.moderne.devcenter.CSharpVersionUpgradeTest{name=skipsWhenNoTargetFrameworks,return=void,parameters=[]}",1,0,0,13,0,9.06,1,9,0,150.41,6.56,0.03
src/test/java/io/moderne/devcenter/CSharpVersionUpgradeTest.java,io.moderne.devcenter.CSharpVersionUpgradeTest,versionAndMeasures,"io.moderne.devcenter.CSharpVersionUpgradeTest{name=versionAndMeasures,return=java.util.stream.Stream<org.junit.jupiter.params.provider.Arguments>,parameters=[]}",1,0,0,10,0,13.0,0,13,0,362.21,2.95,0.03
src/test/java/io/moderne/devcenter/CSharpVersionUpgradeTest.java,io.moderne.devcenter.CSharpVersionUpgradeTest,measuresShouldNotIncludeTargetVersionOrAbove,"io.moderne.devcenter.CSharpVersionUpgradeTest{name=measuresShouldNotIncludeTargetVersionOrAbove,return=void,parameters=[int,java.util.List<io.moderne.devcenter.CSharpVersionUpgrade$Measure>,int]}",1,0,0,11,3,7.07,1,7,0,108.05,3.86,0.02
src/test/java/io/moderne/devcenter/DependencyVulnerabilityCheckLeakTest.java,io.moderne.devcenter.DependencyVulnerabilityCheckLeakTest,accumulatorDoesNotLeakOntoRootCursorPerSourceFile,"io.moderne.devcenter.DependencyVulnerabilityCheckLeakTest{name=accumulatorDoesNotLeakOntoRootCursorPerSourceFile,return=void,parameters=[]}",1,0,0,33,0,21.84,6,21,0,464.59,12.21,0.11
src/test/java/io/moderne/devcenter/DependencyVulnerabilityCheckLeakTest.java,io.moderne.devcenter.DependencyVulnerabilityCheckLeakTest,parsePoms,"io.moderne.devcenter.DependencyVulnerabilityCheckLeakTest{name=parsePoms,return=java.util.List<org.openrewrite.SourceFile>,parameters=[int]}",2,1,1,25,1,12.12,5,11,1,525.71,10.36,0.1
src/test/java/io/moderne/devcenter/DependencyVulnerabilityCheckLeakTest.java,io.moderne.devcenter.DependencyVulnerabilityCheckLeakTest$KeyRecordingCursor,KeyRecordingCursor,"io.moderne.devcenter.DependencyVulnerabilityCheckLeakTest$KeyRecordingCursor{name=<constructor>,return=io.moderne.devcenter.DependencyVulnerabilityCheckLeakTest$KeyRecordingCursor,parameters=[]}",1,0,0,3,0,1.0,0,1,0,8.0,0.5,0.0
src/test/java/io/moderne/devcenter/DependencyVulnerabilityCheckLeakTest.java,io.moderne.devcenter.DependencyVulnerabilityCheckLeakTest$KeyRecordingCursor,computeMessageIfAbsent,"io.moderne.devcenter.DependencyVulnerabilityCheckLeakTest$KeyRecordingCursor{name=computeMessageIfAbsent,return=Generic{T},parameters=[java.lang.String,java.util.function.Function<java.lang.String, Generic{? extends Generic{T}}>]}",1,0,0,5,2,2.0,0,2,0,27.0,1.8,0.0
src/test/java/io/moderne/devcenter/DependencyVulnerabilityCheckLeakTest.java,io.moderne.devcenter.DependencyVulnerabilityCheckLeakTest$KeyRecordingCursor,putMessage,"io.moderne.devcenter.DependencyVulnerabilityCheckLeakTest$KeyRecordingCursor{name=putMessage,return=void,parameters=[java.lang.String,java.lang.Object]}",1,0,0,5,2,2.0,0,2,0,22.46,1.2,0.0
src/test/java/io/moderne/devcenter/DependencyVulnerabilityCheckTest.java,io.moderne.devcenter.DependencyVulnerabilityCheckTest,detectsVulnerabilities,"io.moderne.devcenter.DependencyVulnerabilityCheckTest{name=detectsVulnerabilities,return=void,parameters=[]}",1,0,0,26,0,9.0,0,9,0,174.89,5.63,0.03
src/test/java/io/moderne/devcenter/DependencyVulnerabilityCheckTest.java,io.moderne.devcenter.DependencyVulnerabilityCheckTest,detectsVulnerabilitySeverities,"io.moderne.devcenter.DependencyVulnerabilityCheckTest{name=detectsVulnerabilitySeverities,return=void,parameters=[]}",1,0,0,26,0,9.0,0,9,0,176.65,5.36,0.03
src/test/java/io/moderne/devcenter/DependencyVulnerabilityCheckTest.java,io.moderne.devcenter.DependencyVulnerabilityCheckTest,detectsRiscScore,"io.moderne.devcenter.DependencyVulnerabilityCheckTest{name=detectsRiscScore,return=void,parameters=[]}",1,0,0,26,0,9.0,0,9,0,176.65,5.36,0.03
src/test/java/io/moderne/devcenter/DevCenterTest.java,io.moderne.devcenter.DevCenterTest,before,"io.moderne.devcenter.DevCenterTest{name=before,return=void,parameters=[]}",1,0,0,5,0,2.83,2,2,0,36.0,1.33,0.0
src/test/java/io/moderne/devcenter/DevCenterTest.java,io.moderne.devcenter.DevCenterTest,isDevCenter,"io.moderne.devcenter.DevCenterTest{name=isDevCenter,return=void,parameters=[]}",1,0,0,16,0,23.0,0,23,0,254.19,7.93,0.05
src/test/java/io/moderne/devcenter/DevCenterTest.java,io.moderne.devcenter.DevCenterTest,valid,"io.moderne.devcenter.DevCenterTest{name=valid,return=void,parameters=[]}",1,0,0,17,0,21.02,1,21,0,307.76,10.17,0.07
src/test/java/io/moderne/devcenter/DevCenterTest.java,io.moderne.devcenter.DevCenterTest,upgradeDoesntRequireFix,"io.moderne.devcenter.DevCenterTest{name=upgradeDoesntRequireFix,return=void,parameters=[]}",1,0,0,20,0,11.4,3,11,0,188.26,4.7,0.03
src/test/java/io/moderne/devcenter/DevCenterTest.java,io.moderne.devcenter.DevCenterTest,validateStandAloneDevCenterRecipe,"io.moderne.devcenter.DevCenterTest{name=validateStandAloneDevCenterRecipe,return=void,parameters=[]}",1,0,0,5,0,2.24,1,2,0,22.46,1.2,0.0
src/test/java/io/moderne/devcenter/DevCenterTest.java,io.moderne.devcenter.DevCenterTest,getSpecMatchesStarterDevCenter,"io.moderne.devcenter.DevCenterTest{name=getSpecMatchesStarterDevCenter,return=void,parameters=[]}",1,0,0,24,0,47.52,7,47,0,906.66,21.96,0.24
src/test/java/io/moderne/devcenter/DevCenterTest.java,io.moderne.devcenter.DevCenterTest,getSpecOmitsSecurityWhenAbsent,"io.moderne.devcenter.DevCenterTest{name=getSpecOmitsSecurityWhenAbsent,return=void,parameters=[]}",1,0,0,23,0,25.18,3,25,0,416.26,10.51,0.09
src/test/java/io/moderne/devcenter/DevCenterTest.java,io.moderne.devcenter.DevCenterTest,uniqueCardNames,"io.moderne.devcenter.DevCenterTest{name=uniqueCardNames,return=void,parameters=[]}",1,0,0,23,0,13.34,3,13,0,243.13,5.69,0.04
src/test/java/io/moderne/devcenter/DevCenterTest.java,io.moderne.devcenter.DevCenterTest,noCards,"io.moderne.devcenter.DevCenterTest{name=noCards,return=void,parameters=[]}",1,0,0,9,0,6.08,1,6,0,102.57,3.19,0.02
src/test/java/io/moderne/devcenter/DevCenterTest.java,io.moderne.devcenter.DevCenterTest,twoUpgradeCardsFromOneRepository,"io.moderne.devcenter.DevCenterTest{name=twoUpgradeCardsFromOneRepository,return=void,parameters=[]}",1,0,0,25,0,12.0,0,12,0,234.02,7.65,0.05
src/test/java/io/moderne/devcenter/DevCenterTest.java,io.moderne.devcenter.DevCenterTest,recipeFromDifferentClassLoaderIdentifiesCards,"io.moderne.devcenter.DevCenterTest{name=recipeFromDifferentClassLoaderIdentifiesCards,return=void,parameters=[java.lang.String,org.openrewrite.Recipe]}",1,0,0,9,2,2.24,1,2,0,22.46,1.2,0.0
src/test/java/io/moderne/devcenter/DevCenterTest.java,io.moderne.devcenter.DevCenterTest,recipesFromIsolatedClassLoader,"io.moderne.devcenter.DevCenterTest{name=recipesFromIsolatedClassLoader,return=java.util.stream.Stream<org.junit.jupiter.params.provider.Arguments>,parameters=[]}",5,6,3,49,0,17.83,5,17,2,756.42,17.25,0.18
src/test/java/io/moderne/devcenter/DevCenterTest.java,io.moderne.devcenter.DevCenterTest,libraryUpgradeUnderCsvDataTableStore,"io.moderne.devcenter.DevCenterTest{name=libraryUpgradeUnderCsvDataTableStore,return=void,parameters=[java.nio.file.Path]}",1,0,0,52,1,27.46,5,27,0,584.17,15.11,0.14
src/test/java/io/moderne/devcenter/DevCenterTest.java,io.moderne.devcenter.DevCenterTest,readCsvRows,"io.moderne.devcenter.DevCenterTest{name=readCsvRows,return=java.util.List<de.siegmar.fastcsv.reader.NamedCsvRecord>,parameters=[java.nio.file.Path]}",1,0,1,8,1,2.0,0,2,0,19.65,2.0,0.0
src/test/java/io/moderne/devcenter/DevCenterTest.java,io.moderne.devcenter.DevCenterTest,findCsv,"io.moderne.devcenter.DevCenterTest{name=findCsv,return=java.nio.file.Path,parameters=[java.nio.file.Path,java.lang.String]}",1,0,1,9,2,7.0,0,7,0,132.96,6.35,0.03
src/test/java/io/moderne/devcenter/DevCenterTest.java,io.moderne.devcenter.DevCenterTest,devcenterWithMultipleLibraryUpgradeRecipesHasCorrectData,"io.moderne.devcenter.DevCenterTest{name=devcenterWithMultipleLibraryUpgradeRecipesHasCorrectData,return=void,parameters=[]}",1,0,0,50,0,12.04,1,12,0,298.27,7.06,0.05
src/test/java/io/moderne/devcenter/EcmaScriptModernizationMeasureTest.java,io.moderne.devcenter.EcmaScriptModernizationMeasureTest,bucketsShareOfVar,"io.moderne.devcenter.EcmaScriptModernizationMeasureTest{name=bucketsShareOfVar,return=void,parameters=[long,long,io.moderne.devcenter.EcmaScriptModernization$Measure]}",1,0,0,16,3,3.16,1,3,0,53.77,2.0,0.01
src/test/java/io/moderne/devcenter/FindActiveCommittersTest.java,io.moderne.devcenter.FindActiveCommittersTest,reportsOnlyCommittersInsideTheWindow,"io.moderne.devcenter.FindActiveCommittersTest{name=reportsOnlyCommittersInsideTheWindow,return=void,parameters=[]}",1,0,0,14,0,13.15,2,13,0,267.35,5.38,0.04
src/test/java/io/moderne/devcenter/FindActiveCommittersTest.java,io.moderne.devcenter.FindActiveCommittersTest,committersWithoutPerDayDetailAreKept,"io.moderne.devcenter.FindActiveCommittersTest{name=committersWithoutPerDayDetailAreKept,return=void,parameters=[]}",1,0,0,11,0,11.05,1,11,0,151.3,6.3,0.03
src/test/java/io/moderne/devcenter/FindActiveCommittersTest.java,io.moderne.devcenter.FindActiveCommittersTest,committerRows,"io.moderne.devcenter.FindActiveCommittersTest{name=committerRows,return=java.util.List<org.openrewrite.table.DistinctCommitters$Row>,parameters=[org.openrewrite.marker.GitProvenance$Committer[]]}",1,0,0,18,1,13.15,2,13,0,312.75,9.19,0.07
src/test/java/io/moderne/devcenter/FindActiveCommittersTest.java,io.moderne.devcenter.FindActiveCommittersTest,committer,"io.moderne.devcenter.FindActiveCommittersTest{name=committer,return=org.openrewrite.marker.GitProvenance$Committer,parameters=[java.lang.String,java.lang.String,java.time.LocalDate]}",1,0,0,5,3,3.16,1,3,0,70.32,1.75,0.01
src/test/java/io/moderne/devcenter/FindOrganizationStatisticsTest.java,io.moderne.devcenter.FindOrganizationStatisticsTest,countsLinesOfCode,"io.moderne.devcenter.FindOrganizationStatisticsTest{name=countsLinesOfCode,return=void,parameters=[]}",1,0,0,10,0,4.0,0,4,0,33.22,2.0,0.01
src/test/java/io/moderne/devcenter/FindOrganizationStatisticsTest.java,io.moderne.devcenter.FindOrganizationStatisticsTest,countsNewlinesInsideTextBlocks,"io.moderne.devcenter.FindOrganizationStatisticsTest{name=countsNewlinesInsideTextBlocks,return=void,parameters=[]}",1,0,0,13,0,4.0,0,4,0,33.22,2.0,0.01
src/test/java/io/moderne/devcenter/FindOrganizationStatisticsTest.java,io.moderne.devcenter.FindOrganizationStatisticsTest,countsNewlinesInsideJavadoc,"io.moderne.devcenter.FindOrganizationStatisticsTest{name=countsNewlinesInsideJavadoc,return=void,parameters=[]}",1,0,0,15,0,4.0,0,4,0,33.22,2.0,0.01
src/test/java/io/moderne/devcenter/FindOrganizationStatisticsTest.java,io.moderne.devcenter.FindOrganizationStatisticsTest,countsFinalLineWithoutTrailingNewline,"io.moderne.devcenter.FindOrganizationStatisticsTest{name=countsFinalLineWithoutTrailingNewline,return=void,parameters=[]}",1,0,0,4,0,4.0,0,4,0,33.22,2.0,0.01
src/test/java/io/moderne/devcenter/FindOrganizationStatisticsTest.java,io.moderne.devcenter.FindOrganizationStatisticsTest,countsNonJavaSourceFiles,"io.moderne.devcenter.FindOrganizationStatisticsTest{name=countsNonJavaSourceFiles,return=void,parameters=[]}",1,0,0,4,0,4.0,0,4,0,33.22,2.0,0.01
src/test/java/io/moderne/devcenter/FindOrganizationStatisticsTest.java,io.moderne.devcenter.FindOrganizationStatisticsTest,countsEveryTypeWithoutMarkingIt,"io.moderne.devcenter.FindOrganizationStatisticsTest{name=countsEveryTypeWithoutMarkingIt,return=void,parameters=[]}",1,0,0,13,0,12.0,0,12,0,210.3,7.98,0.05
src/test/java/io/moderne/devcenter/FindOrganizationStatisticsTest.java,io.moderne.devcenter.FindOrganizationStatisticsTest,unknownTypeIsWarnedOnceAndNotCounted,"io.moderne.devcenter.FindOrganizationStatisticsTest{name=unknownTypeIsWarnedOnceAndNotCounted,return=void,parameters=[]}",1,0,0,17,0,30.41,5,30,0,706.15,20.7,0.2
src/test/java/io/moderne/devcenter/FindOrganizationStatisticsTest.java,io.moderne.devcenter.FindOrganizationStatisticsTest,filesWithoutSourceTextAreNeitherCountedNorWarned,"io.moderne.devcenter.FindOrganizationStatisticsTest{name=filesWithoutSourceTextAreNeitherCountedNorWarned,return=void,parameters=[]}",2,1,1,14,0,22.2,3,22,0,490.24,11.61,0.11
src/test/java/io/moderne/devcenter/FindOrganizationStatisticsTest.java,io.moderne.devcenter.FindOrganizationStatisticsTest,countsGoModWithoutStartingGoEngine,"io.moderne.devcenter.FindOrganizationStatisticsTest{name=countsGoModWithoutStartingGoEngine,return=void,parameters=[]}",1,0,0,18,0,31.02,1,31,0,673.32,12.29,0.14
src/test/java/io/moderne/devcenter/FindOrganizationStatisticsTest.java,io.moderne.devcenter.FindOrganizationStatisticsTest,countsGoSumWithoutStartingGoEngine,"io.moderne.devcenter.FindOrganizationStatisticsTest{name=countsGoSumWithoutStartingGoEngine,return=void,parameters=[]}",1,0,0,12,0,14.04,1,14,0,317.78,7.55,0.06
src/test/java/io/moderne/devcenter/FindOrganizationStatisticsTest.java,io.moderne.devcenter.FindOrganizationStatisticsTest,padded,"io.moderne.devcenter.FindOrganizationStatisticsTest{name=padded,return=org.openrewrite.java.tree.JRightPadded<org.openrewrite.golang.tree.GoMod$GoModStatement>,parameters=[org.openrewrite.golang.tree.GoMod$GoModStatement,java.lang.String]}",1,0,0,3,2,2.0,0,2,0,33.22,1.5,0.0
src/test/java/io/moderne/devcenter/FindOrganizationStatisticsTest.java,io.moderne.devcenter.FindOrganizationStatisticsTest,directive,"io.moderne.devcenter.FindOrganizationStatisticsTest{name=directive,return=org.openrewrite.golang.tree.GoMod$Directive,parameters=[java.lang.String,java.lang.String,org.openrewrite.golang.tree.GoMod$Value[]]}",1,0,0,3,3,4.0,0,4,0,69.49,2.5,0.01
src/test/java/io/moderne/devcenter/FindOrganizationStatisticsTest.java,io.moderne.devcenter.FindOrganizationStatisticsTest,value,"io.moderne.devcenter.FindOrganizationStatisticsTest{name=value,return=org.openrewrite.golang.tree.GoMod$Value,parameters=[java.lang.String,java.lang.String]}",1,0,0,3,2,3.0,0,3,0,48.11,2.0,0.01
src/test/java/io/moderne/devcenter/FindOrganizationStatisticsTest.java,io.moderne.devcenter.FindOrganizationStatisticsTest,sumLine,"io.moderne.devcenter.FindOrganizationStatisticsTest{name=sumLine,return=org.openrewrite.golang.tree.GoSum$Line,parameters=[java.lang.String,boolean,java.lang.String]}",1,0,0,3,3,3.0,0,3,0,64.0,2.0,0.01
src/test/java/io/moderne/devcenter/FindOrganizationStatisticsTest.java,io.moderne.devcenter.FindOrganizationStatisticsTest$UnknownSource,isAcceptable,"io.moderne.devcenter.FindOrganizationStatisticsTest$UnknownSource{name=isAcceptable,return=boolean,parameters=[org.openrewrite.TreeVisitor<Generic{?}, Generic{P}>,Generic{P}]}",1,0,0,4,2,0.0,0,0,0,2.0,0.5,0.0
src/test/java/io/moderne/devcenter/FindOrganizationStatisticsTest.java,io.moderne.devcenter.FindOrganizationStatisticsTest,lineCount,"io.moderne.devcenter.FindOrganizationStatisticsTest{name=lineCount,return=long,parameters=[org.openrewrite.test.SourceSpecs]}",1,0,0,11,1,9.06,1,9,0,163.45,6.11,0.03
src/test/java/io/moderne/devcenter/GoVersionUpgradeTest.java,io.moderne.devcenter.GoVersionUpgradeTest,goMarker,"io.moderne.devcenter.GoVersionUpgradeTest{name=goMarker,return=org.openrewrite.golang.marker.GoResolutionResult,parameters=[java.lang.String]}",1,0,0,7,1,9.0,0,9,0,132.83,4.36,0.02
src/test/java/io/moderne/devcenter/GoVersionUpgradeTest.java,io.moderne.devcenter.GoVersionUpgradeTest,goVersions,"io.moderne.devcenter.GoVersionUpgradeTest{name=goVersions,return=java.util.stream.Stream<org.junit.jupiter.params.provider.Arguments>,parameters=[]}",1,0,0,13,0,10.0,0,10,0,303.08,2.67,0.03
src/test/java/io/moderne/devcenter/GoVersionUpgradeTest.java,io.moderne.devcenter.GoVersionUpgradeTest,detectsGoVersion,"io.moderne.devcenter.GoVersionUpgradeTest{name=detectsGoVersion,return=void,parameters=[int,java.lang.String,java.lang.String,io.moderne.devcenter.GoVersionUpgrade$Measure]}",1,0,0,20,4,12.04,1,12,0,265.68,9.48,0.06
src/test/java/io/moderne/devcenter/GoVersionUpgradeTest.java,io.moderne.devcenter.GoVersionUpgradeTest,skipsWhenNoGoVersion,"io.moderne.devcenter.GoVersionUpgradeTest{name=skipsWhenNoGoVersion,return=void,parameters=[]}",1,0,0,11,0,6.08,1,6,0,104.25,5.41,0.02
src/test/java/io/moderne/devcenter/GoVersionUpgradeTest.java,io.moderne.devcenter.GoVersionUpgradeTest,versionAndMeasures,"io.moderne.devcenter.GoVersionUpgradeTest{name=versionAndMeasures,return=java.util.stream.Stream<org.junit.jupiter.params.provider.Arguments>,parameters=[]}",1,0,0,8,0,7.0,0,7,0,196.21,1.8,0.02
src/test/java/io/moderne/devcenter/GoVersionUpgradeTest.java,io.moderne.devcenter.GoVersionUpgradeTest,measuresShouldNotIncludeTargetVersionOrAbove,"io.moderne.devcenter.GoVersionUpgradeTest{name=measuresShouldNotIncludeTargetVersionOrAbove,return=void,parameters=[int,java.util.List<io.moderne.devcenter.GoVersionUpgrade$Measure>,int]}",1,0,0,11,3,7.07,1,7,0,108.05,3.86,0.02
src/test/java/io/moderne/devcenter/GroovyVersionUpgradeTest.java,io.moderne.devcenter.GroovyVersionUpgradeTest,groovyVersions,"io.moderne.devcenter.GroovyVersionUpgradeTest{name=groovyVersions,return=java.util.stream.Stream<org.junit.jupiter.params.provider.Arguments>,parameters=[]}",1,0,0,10,0,7.0,0,7,0,198.81,2.11,0.02
src/test/java/io/moderne/devcenter/GroovyVersionUpgradeTest.java,io.moderne.devcenter.GroovyVersionUpgradeTest,detectsGroovyVersion,"io.moderne.devcenter.GroovyVersionUpgradeTest{name=detectsGroovyVersion,return=void,parameters=[int,java.lang.String,java.lang.String,io.moderne.devcenter.GroovyVersionUpgrade$Measure]}",1,0,0,32,4,11.05,1,11,0,241.08,8.61,0.05
src/test/java/io/moderne/devcenter/GroovyVersionUpgradeTest.java,io.moderne.devcenter.GroovyVersionUpgradeTest,versionAndMeasures,"io.moderne.devcenter.GroovyVersionUpgradeTest{name=versionAndMeasures,return=java.util.stream.Stream<org.junit.jupiter.params.provider.Arguments>,parameters=[]}",1,0,0,8,0,9.0,0,9,0,179.72,2.77,0.02
src/test/java/io/moderne/devcenter/GroovyVersionUpgradeTest.java,io.moderne.devcenter.GroovyVersionUpgradeTest,measuresShouldNotIncludeTargetVersionOrAbove,"io.moderne.devcenter.GroovyVersionUpgradeTest{name=measuresShouldNotIncludeTargetVersionOrAbove,return=void,parameters=[int,java.util.List<io.moderne.devcenter.GroovyVersionUpgrade$Measure>]}",1,0,0,8,2,4.12,1,4,0,51.81,2.22,0.01
src/test/java/io/moderne/devcenter/JUnitJupiterUpgradeTest.java,io.moderne.devcenter.JUnitJupiterUpgradeTest,defaults,"io.moderne.devcenter.JUnitJupiterUpgradeTest{name=defaults,return=void,parameters=[org.openrewrite.test.RecipeSpec]}",1,0,0,4,1,2.0,0,2,0,11.61,1.0,0.0
src/test/java/io/moderne/devcenter/JUnitJupiterUpgradeTest.java,io.moderne.devcenter.JUnitJupiterUpgradeTest,junit4,"io.moderne.devcenter.JUnitJupiterUpgradeTest{name=junit4,return=void,parameters=[]}",1,0,0,7,0,2.0,0,2,0,41.51,1.69,0.01
src/test/java/io/moderne/devcenter/JUnitJupiterUpgradeTest.java,io.moderne.devcenter.JUnitJupiterUpgradeTest,junit5,"io.moderne.devcenter.JUnitJupiterUpgradeTest{name=junit5,return=void,parameters=[]}",1,0,0,7,0,2.0,0,2,0,41.51,1.69,0.01
src/test/java/io/moderne/devcenter/JUnitJupiterUpgradeTest.java,io.moderne.devcenter.JUnitJupiterUpgradeTest,junit6,"io.moderne.devcenter.JUnitJupiterUpgradeTest{name=junit6,return=void,parameters=[]}",1,0,0,7,0,2.0,0,2,0,41.51,1.69,0.01
src/test/java/io/moderne/devcenter/JUnitJupiterUpgradeTest.java,io.moderne.devcenter.JUnitJupiterUpgradeTest,bothJUnit4And5,"io.moderne.devcenter.JUnitJupiterUpgradeTest{name=bothJUnit4And5,return=void,parameters=[]}",1,0,0,8,0,2.0,0,2,0,46.6,1.67,0.01
src/test/java/io/moderne/devcenter/JUnitJupiterUpgradeTest.java,io.moderne.devcenter.JUnitJupiterUpgradeTest,junit4AfterJUnit5,"io.moderne.devcenter.JUnitJupiterUpgradeTest{name=junit4AfterJUnit5,return=void,parameters=[]}",1,0,0,8,0,2.0,0,2,0,46.6,1.67,0.01
src/test/java/io/moderne/devcenter/JUnitJupiterUpgradeTest.java,io.moderne.devcenter.JUnitJupiterUpgradeTest,junit5AfterJUnit6,"io.moderne.devcenter.JUnitJupiterUpgradeTest{name=junit5AfterJUnit6,return=void,parameters=[]}",1,0,0,8,0,2.0,0,2,0,46.6,1.67,0.01
src/test/java/io/moderne/devcenter/JUnitJupiterUpgradeTest.java,io.moderne.devcenter.JUnitJupiterUpgradeTest,scansSourceSetClasspathOncePerRun,"io.moderne.devcenter.JUnitJupiterUpgradeTest{name=scansSourceSetClasspathOncePerRun,return=void,parameters=[]}",1,0,0,20,0,17.26,3,17,0,391.4,10.21,0.08
src/test/java/io/moderne/devcenter/JUnitJupiterUpgradeTest.java,io.moderne.devcenter.JUnitJupiterUpgradeTest,junit4TypeReferenceWithoutAnnotationIsNotJUnit4,"io.moderne.devcenter.JUnitJupiterUpgradeTest{name=junit4TypeReferenceWithoutAnnotationIsNotJUnit4,return=void,parameters=[]}",1,0,0,19,0,3.0,0,3,0,57.11,2.2,0.01
src/test/java/io/moderne/devcenter/JUnitJupiterUpgradeTest.java,io.moderne.devcenter.JUnitJupiterUpgradeTest,metaAnnotatedJupiterTest,"io.moderne.devcenter.JUnitJupiterUpgradeTest{name=metaAnnotatedJupiterTest,return=void,parameters=[]}",1,0,0,29,0,7.0,0,7,0,114.62,4.25,0.02
src/test/java/io/moderne/devcenter/JUnitJupiterUpgradeTest.java,io.moderne.devcenter.JUnitJupiterUpgradeTest,kotlinJUnit4,"io.moderne.devcenter.JUnitJupiterUpgradeTest{name=kotlinJUnit4,return=void,parameters=[]}",1,0,0,17,0,3.0,0,3,0,51.81,2.22,0.01
src/test/java/io/moderne/devcenter/JUnitJupiterUpgradeTest.java,io.moderne.devcenter.JUnitJupiterUpgradeTest,noTests,"io.moderne.devcenter.JUnitJupiterUpgradeTest{name=noTests,return=void,parameters=[]}",1,0,0,17,0,6.0,0,6,0,97.7,4.38,0.02
src/test/java/io/moderne/devcenter/JUnitJupiterUpgradeTest.java,io.moderne.devcenter.JUnitJupiterUpgradeTest,jupiterTest,"io.moderne.devcenter.JUnitJupiterUpgradeTest{name=jupiterTest,return=org.openrewrite.test.SourceSpecs,parameters=[java.lang.String,org.openrewrite.java.marker.JavaSourceSet]}",1,0,0,14,2,3.0,0,3,0,46.6,2.86,0.01
src/test/java/io/moderne/devcenter/JUnitJupiterUpgradeTest.java,io.moderne.devcenter.JUnitJupiterUpgradeTest,assertUpgradeStatus,"io.moderne.devcenter.JUnitJupiterUpgradeTest{name=assertUpgradeStatus,return=org.openrewrite.test.RecipeSpec,parameters=[io.moderne.devcenter.JUnitJupiterUpgrade$Measure,java.lang.String,org.openrewrite.test.RecipeSpec]}",1,0,0,11,3,6.0,0,6,0,109.81,5.23,0.02
src/test/java/io/moderne/devcenter/JavaVersionUpgradeTest.java,io.moderne.devcenter.JavaVersionUpgradeTest,javaVersions,"io.moderne.devcenter.JavaVersionUpgradeTest{name=javaVersions,return=java.util.stream.Stream<org.junit.jupiter.params.provider.Arguments>,parameters=[]}",1,0,0,8,0,5.0,0,5,0,96.86,2.44,0.01
src/test/java/io/moderne/devcenter/JavaVersionUpgradeTest.java,io.moderne.devcenter.JavaVersionUpgradeTest,java8,"io.moderne.devcenter.JavaVersionUpgradeTest{name=java8,return=void,parameters=[int,int,io.moderne.devcenter.JavaVersionUpgrade$Measure]}",1,0,0,19,3,12.04,1,12,0,255.26,9.21,0.06
src/test/java/io/moderne/devcenter/JavaVersionUpgradeTest.java,io.moderne.devcenter.JavaVersionUpgradeTest,multiModuleWorstVersionFirst,"io.moderne.devcenter.JavaVersionUpgradeTest{name=multiModuleWorstVersionFirst,return=void,parameters=[]}",1,0,0,23,0,13.04,1,13,0,256.46,8.02,0.05
src/test/java/io/moderne/devcenter/JavaVersionUpgradeTest.java,io.moderne.devcenter.JavaVersionUpgradeTest,multiModuleBestVersionFirst,"io.moderne.devcenter.JavaVersionUpgradeTest{name=multiModuleBestVersionFirst,return=void,parameters=[]}",1,0,0,23,0,13.04,1,13,0,256.46,8.02,0.05
src/test/java/io/moderne/devcenter/JavaVersionUpgradeTest.java,io.moderne.devcenter.JavaVersionUpgradeTest,versionAndMeasures,"io.moderne.devcenter.JavaVersionUpgradeTest{name=versionAndMeasures,return=java.util.stream.Stream<org.junit.jupiter.params.provider.Arguments>,parameters=[]}",1,0,0,10,0,13.0,0,13,0,316.62,2.85,0.03
src/test/java/io/moderne/devcenter/JavaVersionUpgradeTest.java,io.moderne.devcenter.JavaVersionUpgradeTest,measuresShouldNotIncludeTargetVersionOrAbove,"io.moderne.devcenter.JavaVersionUpgradeTest{name=measuresShouldNotIncludeTargetVersionOrAbove,return=void,parameters=[int,java.util.List<io.moderne.devcenter.JavaVersionUpgrade$Measure>,int]}",1,0,0,11,3,7.07,1,7,0,108.05,3.86,0.02
src/test/java/io/moderne/devcenter/KotlinVersionUpgradeTest.java,io.moderne.devcenter.KotlinVersionUpgradeTest,kotlinVersions,"io.moderne.devcenter.KotlinVersionUpgradeTest{name=kotlinVersions,return=java.util.stream.Stream<org.junit.jupiter.params.provider.Arguments>,parameters=[]}",1,0,0,13,0,10.0,0,10,0,250.67,2.61,0.03
src/test/java/io/moderne/devcenter/KotlinVersionUpgradeTest.java,io.moderne.devcenter.KotlinVersionUpgradeTest,detectsKotlinVersion,"io.moderne.devcenter.KotlinVersionUpgradeTest{name=detectsKotlinVersion,return=void,parameters=[java.lang.String,java.lang.String,io.moderne.devcenter.KotlinVersionUpgrade$Measure]}",1,0,0,31,3,11.05,1,11,0,234.02,8.73,0.05
src/test/java/io/moderne/devcenter/KotlinVersionUpgradeTest.java,io.moderne.devcenter.KotlinVersionUpgradeTest,versionAndMeasures,"io.moderne.devcenter.KotlinVersionUpgradeTest{name=versionAndMeasures,return=java.util.stream.Stream<org.junit.jupiter.params.provider.Arguments>,parameters=[]}",1,0,0,8,0,9.0,0,9,0,196.0,2.79,0.02
src/test/java/io/moderne/devcenter/KotlinVersionUpgradeTest.java,io.moderne.devcenter.KotlinVersionUpgradeTest,measuresShouldNotIncludeTargetVersionOrAbove,"io.moderne.devcenter.KotlinVersionUpgradeTest{name=measuresShouldNotIncludeTargetVersionOrAbove,return=void,parameters=[java.lang.String,java.util.List<io.moderne.devcenter.KotlinVersionUpgrade$Measure>]}",1,0,0,8,2,4.12,1,4,0,51.81,2.22,0.01
src/test/java/io/moderne/devcenter/LibraryUpgradeTest.java,io.moderne.devcenter.LibraryUpgradeTest,lowestVersionOfTheBestMeasure,"io.moderne.devcenter.LibraryUpgradeTest{name=lowestVersionOfTheBestMeasure,return=void,parameters=[]}",1,0,0,16,0,19.0,0,19,0,391.1,12.07,0.09
src/test/java/io/moderne/devcenter/LibraryUpgradeTest.java,io.moderne.devcenter.LibraryUpgradeTest,springBootArtifactsSharingOneVersion,"io.moderne.devcenter.LibraryUpgradeTest{name=springBootArtifactsSharingOneVersion,return=void,parameters=[]}",1,0,0,16,0,18.44,4,18,0,504.85,11.8,0.11
src/test/java/io/moderne/devcenter/LibraryUpgradeTest.java,io.moderne.devcenter.LibraryUpgradeTest,buildGradleWith,"io.moderne.devcenter.LibraryUpgradeTest{name=buildGradleWith,return=org.openrewrite.test.SourceSpecs,parameters=[org.openrewrite.gradle.marker.GradleProject]}",1,0,0,11,1,2.0,0,2,0,31.7,2.4,0.01
src/test/java/io/moderne/devcenter/LibraryUpgradeTest.java,io.moderne.devcenter.LibraryUpgradeTest,project,"io.moderne.devcenter.LibraryUpgradeTest{name=project,return=org.openrewrite.gradle.marker.GradleProject,parameters=[java.util.List<org.openrewrite.maven.tree.ResolvedDependency>[]]}",2,1,1,14,1,14.14,2,14,0,264.55,12.25,0.07
src/test/java/io/moderne/devcenter/LibraryUpgradeTest.java,io.moderne.devcenter.LibraryUpgradeTest,dependency,"io.moderne.devcenter.LibraryUpgradeTest{name=dependency,return=org.openrewrite.maven.tree.ResolvedDependency,parameters=[java.lang.String,java.lang.String,java.lang.String,org.openrewrite.maven.tree.ResolvedDependency[]]}",1,0,0,8,4,11.0,0,11,0,158.32,6.13,0.03
src/test/java/io/moderne/devcenter/LibraryUpgradeTest.java,io.moderne.devcenter.LibraryUpgradeTest,jacksonVersions,"io.moderne.devcenter.LibraryUpgradeTest{name=jacksonVersions,return=java.util.stream.Stream<org.junit.jupiter.params.provider.Arguments>,parameters=[]}",1,0,0,9,0,6.0,0,6,0,125.81,2.45,0.02
src/test/java/io/moderne/devcenter/LibraryUpgradeTest.java,io.moderne.devcenter.LibraryUpgradeTest,minorUpgrade,"io.moderne.devcenter.LibraryUpgradeTest{name=minorUpgrade,return=void,parameters=[java.lang.String,java.lang.String,io.moderne.devcenter.SemverMeasure]}",1,0,0,32,3,11.0,0,11,0,218.76,7.17,0.05
src/test/java/io/moderne/devcenter/NodeVersionUpgradeTest.java,io.moderne.devcenter.NodeVersionUpgradeTest,nodeMarker,"io.moderne.devcenter.NodeVersionUpgradeTest{name=nodeMarker,return=org.openrewrite.javascript.marker.NodeResolutionResult,parameters=[java.lang.String]}",1,0,0,7,1,9.0,0,9,0,144.0,4.33,0.02
src/test/java/io/moderne/devcenter/NodeVersionUpgradeTest.java,io.moderne.devcenter.NodeVersionUpgradeTest,nodeVersions,"io.moderne.devcenter.NodeVersionUpgradeTest{name=nodeVersions,return=java.util.stream.Stream<org.junit.jupiter.params.provider.Arguments>,parameters=[]}",1,0,0,13,0,10.0,0,10,0,307.19,2.55,0.03
src/test/java/io/moderne/devcenter/NodeVersionUpgradeTest.java,io.moderne.devcenter.NodeVersionUpgradeTest,skipsWhenNoNodeEngine,"io.moderne.devcenter.NodeVersionUpgradeTest{name=skipsWhenNoNodeEngine,return=void,parameters=[]}",1,0,0,16,0,14.04,1,14,0,276.9,7.81,0.06
src/test/java/io/moderne/devcenter/NodeVersionUpgradeTest.java,io.moderne.devcenter.NodeVersionUpgradeTest,detectsNodeVersion,"io.moderne.devcenter.NodeVersionUpgradeTest{name=detectsNodeVersion,return=void,parameters=[int,java.lang.String,int,io.moderne.devcenter.NodeVersionUpgrade$Measure]}",1,0,0,20,4,13.04,1,13,0,287.38,9.96,0.07
src/test/java/io/moderne/devcenter/NodeVersionUpgradeTest.java,io.moderne.devcenter.NodeVersionUpgradeTest,skipsWhenNoEngines,"io.moderne.devcenter.NodeVersionUpgradeTest{name=skipsWhenNoEngines,return=void,parameters=[]}",1,0,0,15,0,13.04,1,13,0,249.12,8.44,0.05
src/test/java/io/moderne/devcenter/NodeVersionUpgradeTest.java,io.moderne.devcenter.NodeVersionUpgradeTest,versionAndMeasures,"io.moderne.devcenter.NodeVersionUpgradeTest{name=versionAndMeasures,return=java.util.stream.Stream<org.junit.jupiter.params.provider.Arguments>,parameters=[]}",1,0,0,10,0,13.0,0,13,0,334.7,2.68,0.03
src/test/java/io/moderne/devcenter/NodeVersionUpgradeTest.java,io.moderne.devcenter.NodeVersionUpgradeTest,measuresShouldNotIncludeTargetVersionOrAbove,"io.moderne.devcenter.NodeVersionUpgradeTest{name=measuresShouldNotIncludeTargetVersionOrAbove,return=void,parameters=[int,java.util.List<io.moderne.devcenter.NodeVersionUpgrade$Measure>,int]}",1,0,0,11,3,7.07,1,7,0,108.05,3.86,0.02
src/test/java/io/moderne/devcenter/ParentPomUpgradeTest.java,io.moderne.devcenter.ParentPomUpgradeTest,springBootParentVersions,"io.moderne.devcenter.ParentPomUpgradeTest{name=springBootParentVersions,return=java.util.stream.Stream<org.junit.jupiter.params.provider.Arguments>,parameters=[]}",1,0,0,9,0,6.0,0,6,0,129.45,2.25,0.01
src/test/java/io/moderne/devcenter/ParentPomUpgradeTest.java,io.moderne.devcenter.ParentPomUpgradeTest,minorUpgrade,"io.moderne.devcenter.ParentPomUpgradeTest{name=minorUpgrade,return=void,parameters=[java.lang.String,java.lang.String,io.moderne.devcenter.SemverMeasure]}",1,0,0,36,3,11.0,0,11,0,218.76,7.17,0.05
src/test/java/io/moderne/devcenter/PythonVersionUpgradeTest.java,io.moderne.devcenter.PythonVersionUpgradeTest,pythonMarker,"io.moderne.devcenter.PythonVersionUpgradeTest{name=pythonMarker,return=org.openrewrite.python.marker.PythonResolutionResult,parameters=[java.lang.String]}",1,0,0,8,1,9.0,0,9,0,140.65,4.73,0.03
src/test/java/io/moderne/devcenter/PythonVersionUpgradeTest.java,io.moderne.devcenter.PythonVersionUpgradeTest,pythonVersions,"io.moderne.devcenter.PythonVersionUpgradeTest{name=pythonVersions,return=java.util.stream.Stream<org.junit.jupiter.params.provider.Arguments>,parameters=[]}",1,0,0,15,0,12.0,0,12,0,405.0,2.27,0.03
src/test/java/io/moderne/devcenter/PythonVersionUpgradeTest.java,io.moderne.devcenter.PythonVersionUpgradeTest,detectsPythonVersion,"io.moderne.devcenter.PythonVersionUpgradeTest{name=detectsPythonVersion,return=void,parameters=[int,java.lang.String,java.lang.String,io.moderne.devcenter.PythonVersionUpgrade$Measure]}",1,0,0,20,4,12.04,1,12,0,265.68,9.48,0.06
src/test/java/io/moderne/devcenter/PythonVersionUpgradeTest.java,io.moderne.devcenter.PythonVersionUpgradeTest,skipsWhenNoRequiresPython,"io.moderne.devcenter.PythonVersionUpgradeTest{name=skipsWhenNoRequiresPython,return=void,parameters=[]}",1,0,0,16,0,14.04,1,14,0,271.03,8.63,0.06
src/test/java/io/moderne/devcenter/PythonVersionUpgradeTest.java,io.moderne.devcenter.PythonVersionUpgradeTest,versionAndMeasures,"io.moderne.devcenter.PythonVersionUpgradeTest{name=versionAndMeasures,return=java.util.stream.Stream<org.junit.jupiter.params.provider.Arguments>,parameters=[]}",1,0,0,11,0,11.0,0,11,0,311.78,2.55,0.03
src/test/java/io/moderne/devcenter/PythonVersionUpgradeTest.java,io.moderne.devcenter.PythonVersionUpgradeTest,measuresShouldNotIncludeTargetVersionOrAbove,"io.moderne.devcenter.PythonVersionUpgradeTest{name=measuresShouldNotIncludeTargetVersionOrAbove,return=void,parameters=[int,java.util.List<io.moderne.devcenter.PythonVersionUpgrade$Measure>,int]}",1,0,0,11,3,7.07,1,7,0,108.05,3.86,0.02
src/test/java/io/moderne/devcenter/ReportAsSecurityIssuesTest.java,io.moderne.devcenter.ReportAsSecurityIssuesTest,defaults,"io.moderne.devcenter.ReportAsSecurityIssuesTest{name=defaults,return=void,parameters=[org.openrewrite.test.RecipeSpec]}",1,0,0,9,1,6.0,0,6,0,64.0,3.0,0.01
src/test/java/io/moderne/devcenter/ReportAsSecurityIssuesTest.java,io.moderne.devcenter.ReportAsSecurityIssuesTest,reportSecret,"io.moderne.devcenter.ReportAsSecurityIssuesTest{name=reportSecret,return=void,parameters=[]}",1,0,0,31,0,6.0,0,6,0,114.2,4.5,0.02
src/test/java/io/moderne/devcenter/ReportAsSecurityIssuesTest.java,io.moderne.devcenter.ReportAsSecurityIssuesTest,zipSlipIsReportedUnderA01,"io.moderne.devcenter.ReportAsSecurityIssuesTest{name=zipSlipIsReportedUnderA01,return=void,parameters=[]}",1,0,0,41,0,6.0,0,6,0,114.2,4.5,0.02
src/test/java/io/moderne/devcenter/ReportAsSecurityIssuesTest.java,io.moderne.devcenter.ReportAsSecurityIssuesTest,regularExpressionDenialOfServiceIsReportedUnderA03,"io.moderne.devcenter.ReportAsSecurityIssuesTest{name=regularExpressionDenialOfServiceIsReportedUnderA03,return=void,parameters=[]}",1,0,0,25,0,6.0,0,6,0,114.2,4.5,0.02
src/test/java/io/moderne/devcenter/ScalaVersionUpgradeTest.java,io.moderne.devcenter.ScalaVersionUpgradeTest,scalaVersions,"io.moderne.devcenter.ScalaVersionUpgradeTest{name=scalaVersions,return=java.util.stream.Stream<org.junit.jupiter.params.provider.Arguments>,parameters=[]}",1,0,0,10,0,7.0,0,7,0,224.74,2.44,0.02
src/test/java/io/moderne/devcenter/ScalaVersionUpgradeTest.java,io.moderne.devcenter.ScalaVersionUpgradeTest,detectsScalaVersion,"io.moderne.devcenter.ScalaVersionUpgradeTest{name=detectsScalaVersion,return=void,parameters=[int,java.lang.String,java.lang.String,java.lang.String,io.moderne.devcenter.ScalaVersionUpgrade$Measure]}",1,0,0,32,5,11.05,1,11,0,248.16,8.5,0.05
src/test/java/io/moderne/devcenter/ScalaVersionUpgradeTest.java,io.moderne.devcenter.ScalaVersionUpgradeTest,versionAndMeasures,"io.moderne.devcenter.ScalaVersionUpgradeTest{name=versionAndMeasures,return=java.util.stream.Stream<org.junit.jupiter.params.provider.Arguments>,parameters=[]}",1,0,0,6,0,5.0,0,5,0,99.91,1.91,0.01
src/test/java/io/moderne/devcenter/ScalaVersionUpgradeTest.java,io.moderne.devcenter.ScalaVersionUpgradeTest,measuresShouldNotIncludeTargetVersionOrAbove,"io.moderne.devcenter.ScalaVersionUpgradeTest{name=measuresShouldNotIncludeTargetVersionOrAbove,return=void,parameters=[int,java.util.List<io.moderne.devcenter.ScalaVersionUpgrade$Measure>]}",1,0,0,8,2,4.12,1,4,0,51.81,2.22,0.01
src/test/java/io/moderne/devcenter/UpgradeMigrationCardGroupTest.java,io.moderne.devcenter.UpgradeMigrationCardGroupTest,multipleCardsShareSameDataTable,"io.moderne.devcenter.UpgradeMigrationCardGroupTest{name=multipleCardsShareSameDataTable,return=void,parameters=[]}",1,0,0,29,0,22.56,5,22,0,631.1,10.5,0.12
src/test/java/io/moderne/devcenter/internal/DockerLineCounterTest.java,io.moderne.devcenter.internal.DockerLineCounterTest,countsMatchSource,"io.moderne.devcenter.internal.DockerLineCounterTest{name=countsMatchSource,return=void,parameters=[]}",1,0,0,83,0,1.0,0,1,0,69.49,0.5,0.0
src/test/java/io/moderne/devcenter/internal/DockerLineCounterTest.java,io.moderne.devcenter.internal.DockerLineCounterTest,markersAreNotCounted,"io.moderne.devcenter.internal.DockerLineCounterTest{name=markersAreNotCounted,return=void,parameters=[]}",1,0,0,17,0,18.11,2,18,0,484.54,12.97,0.11
src/test/java/io/moderne/devcenter/internal/DockerLineCounterTest.java,io.moderne.devcenter.internal.DockerLineCounterTest,parse,"io.moderne.devcenter.internal.DockerLineCounterTest{name=parse,return=java.util.Optional<org.openrewrite.SourceFile>,parameters=[java.lang.String]}",1,0,0,3,1,4.0,0,4,0,38.05,2.5,0.01
src/test/java/io/moderne/devcenter/internal/GroovyLineCounterTest.java,io.moderne.devcenter.internal.GroovyLineCounterTest,groovySourcesMatchSource,"io.moderne.devcenter.internal.GroovyLineCounterTest{name=groovySourcesMatchSource,return=void,parameters=[]}",1,0,0,150,0,1.0,0,1,0,92.24,0.5,0.0
src/test/java/io/moderne/devcenter/internal/GroovyLineCounterTest.java,io.moderne.devcenter.internal.GroovyLineCounterTest,gradleScriptsMatchSource,"io.moderne.devcenter.internal.GroovyLineCounterTest{name=gradleScriptsMatchSource,return=void,parameters=[]}",1,0,0,27,0,1.0,0,1,0,43.02,0.5,0.0
src/test/java/io/moderne/devcenter/internal/GroovyLineCounterTest.java,io.moderne.devcenter.internal.GroovyLineCounterTest,markersAreNotCounted,"io.moderne.devcenter.internal.GroovyLineCounterTest{name=markersAreNotCounted,return=void,parameters=[]}",1,0,0,18,0,18.11,2,18,0,507.34,14.89,0.13
src/test/java/io/moderne/devcenter/internal/GroovyLineCounterTest.java,io.moderne.devcenter.internal.GroovyLineCounterTest,parseGroovy,"io.moderne.devcenter.internal.GroovyLineCounterTest{name=parseGroovy,return=java.util.Optional<org.openrewrite.SourceFile>,parameters=[java.lang.String]}",1,0,0,3,1,4.0,0,4,0,38.05,2.5,0.01
src/test/java/io/moderne/devcenter/internal/GroovyLineCounterTest.java,io.moderne.devcenter.internal.GroovyLineCounterTest,parseGradle,"io.moderne.devcenter.internal.GroovyLineCounterTest{name=parseGradle,return=java.util.Optional<org.openrewrite.SourceFile>,parameters=[java.lang.String]}",1,0,0,3,1,4.0,0,4,0,38.05,2.5,0.01
src/test/java/io/moderne/devcenter/internal/HclLineCounterTest.java,io.moderne.devcenter.internal.HclLineCounterTest,hclMatchesSource,"io.moderne.devcenter.internal.HclLineCounterTest{name=hclMatchesSource,return=void,parameters=[]}",1,0,0,75,0,5.0,0,5,0,120.74,3.16,0.02
src/test/java/io/moderne/devcenter/internal/HclLineCounterTest.java,io.moderne.devcenter.internal.HclLineCounterTest,markersAreNotCounted,"io.moderne.devcenter.internal.HclLineCounterTest{name=markersAreNotCounted,return=void,parameters=[]}",1,0,0,18,0,20.02,1,20,0,482.16,14.17,0.12
src/test/java/io/moderne/devcenter/internal/IsMavenProjectTest.java,io.moderne.devcenter.internal.IsMavenProjectTest,matchesTheSameSourcesAsFindMavenProject,"io.moderne.devcenter.internal.IsMavenProjectTest{name=matchesTheSameSourcesAsFindMavenProject,return=void,parameters=[]}",2,1,1,33,0,40.06,2,40,1,709.73,20.93,0.2
src/test/java/io/moderne/devcenter/internal/IsMavenProjectTest.java,io.moderne.devcenter.internal.IsMavenProjectTest,matches,"io.moderne.devcenter.internal.IsMavenProjectTest{name=matches,return=boolean,parameters=[org.openrewrite.TreeVisitor<Generic{?}, org.openrewrite.ExecutionContext>,org.openrewrite.SourceFile,org.openrewrite.ExecutionContext]}",1,0,0,4,3,2.24,0,2,1,36.54,2.33,0.01
src/test/java/io/moderne/devcenter/internal/JavaLineCounterTest.java,io.moderne.devcenter.internal.JavaLineCounterTest,javaMatchesSource,"io.moderne.devcenter.internal.JavaLineCounterTest{name=javaMatchesSource,return=void,parameters=[]}",1,0,0,30,0,5.0,0,5,0,108.57,3.18,0.02
src/test/java/io/moderne/devcenter/internal/JavaLineCounterTest.java,io.moderne.devcenter.internal.JavaLineCounterTest,trailingCommaCountMatchesSource,"io.moderne.devcenter.internal.JavaLineCounterTest{name=trailingCommaCountMatchesSource,return=void,parameters=[]}",1,0,0,22,0,2.0,0,2,0,19.65,1.0,0.0
src/test/java/io/moderne/devcenter/internal/JavaLineCounterTest.java,io.moderne.devcenter.internal.JavaLineCounterTest,compactSourceFileCountMatchesSource,"io.moderne.devcenter.internal.JavaLineCounterTest{name=compactSourceFileCountMatchesSource,return=void,parameters=[]}",1,0,0,13,0,29.27,4,29,0,535.2,18.53,0.15
src/test/java/io/moderne/devcenter/internal/JavaLineCounterTest.java,io.moderne.devcenter.internal.JavaLineCounterTest,omittedSyntaxCountMatchesSource,"io.moderne.devcenter.internal.JavaLineCounterTest{name=omittedSyntaxCountMatchesSource,return=void,parameters=[]}",1,0,0,21,0,2.0,0,2,0,19.65,1.0,0.0
src/test/java/io/moderne/devcenter/internal/JavaLineCounterTest.java,io.moderne.devcenter.internal.JavaLineCounterTest,markersAreNotCounted,"io.moderne.devcenter.internal.JavaLineCounterTest{name=markersAreNotCounted,return=void,parameters=[]}",2,1,0,34,0,32.16,3,32,1,818.44,21.14,0.22
src/test/java/io/moderne/devcenter/internal/JavaLineCounterTest.java,io.moderne.devcenter.internal.JavaLineCounterTest,commentMarkersAreNotCounted,"io.moderne.devcenter.internal.JavaLineCounterTest{name=commentMarkersAreNotCounted,return=void,parameters=[]}",1,0,0,11,0,12.04,1,12,0,273.24,8.59,0.06
src/test/java/io/moderne/devcenter/internal/JavaLineCounterTest.java,io.moderne.devcenter.internal.JavaLineCounterTest,javadocMarkersAreNotCounted,"io.moderne.devcenter.internal.JavaLineCounterTest{name=javadocMarkersAreNotCounted,return=void,parameters=[]}",3,3,0,22,0,21.02,1,21,0,651.52,17.27,0.17
src/test/java/io/moderne/devcenter/internal/JavaLineCounterTest.java,io.moderne.devcenter.internal.JavaLineCounterTest,parse,"io.moderne.devcenter.internal.JavaLineCounterTest{name=parse,return=org.openrewrite.java.tree.J$CompilationUnit,parameters=[java.lang.String]}",1,0,0,3,1,5.0,0,5,0,64.0,3.5,0.01
src/test/java/io/moderne/devcenter/internal/JsonLineCounterTest.java,io.moderne.devcenter.internal.JsonLineCounterTest,jsonMatchesSource,"io.moderne.devcenter.internal.JsonLineCounterTest{name=jsonMatchesSource,return=void,parameters=[]}",1,0,0,43,0,2.0,0,2,0,92.24,1.0,0.01
src/test/java/io/moderne/devcenter/internal/JsonLineCounterTest.java,io.moderne.devcenter.internal.JsonLineCounterTest,markersAreNotCounted,"io.moderne.devcenter.internal.JsonLineCounterTest{name=markersAreNotCounted,return=void,parameters=[]}",1,0,0,18,0,17.12,2,17,0,455.48,12.94,0.11
src/test/java/io/moderne/devcenter/internal/JsonLineCounterTest.java,io.moderne.devcenter.internal.JsonLineCounterTest,parse,"io.moderne.devcenter.internal.JsonLineCounterTest{name=parse,return=java.util.Optional<org.openrewrite.SourceFile>,parameters=[java.lang.String]}",1,0,0,3,1,4.0,0,4,0,38.05,2.5,0.01
src/test/java/io/moderne/devcenter/internal/JsonLineCounterTest.java,io.moderne.devcenter.internal.JsonLineCounterTest,nested,"io.moderne.devcenter.internal.JsonLineCounterTest{name=nested,return=java.lang.String,parameters=[int]}",5,6,1,11,1,12.08,3,11,4,370.0,20.74,0.13
src/test/java/io/moderne/devcenter/internal/KotlinLineCounterTest.java,io.moderne.devcenter.internal.KotlinLineCounterTest,classesAndFunctions,"io.moderne.devcenter.internal.KotlinLineCounterTest{name=classesAndFunctions,return=void,parameters=[]}",1,0,0,92,0,2.0,0,2,0,24.0,1.0,0.0
src/test/java/io/moderne/devcenter/internal/KotlinLineCounterTest.java,io.moderne.devcenter.internal.KotlinLineCounterTest,stringsAndTemplates,"io.moderne.devcenter.internal.KotlinLineCounterTest{name=stringsAndTemplates,return=void,parameters=[]}",1,0,0,25,0,2.0,0,2,0,24.0,1.0,0.0
src/test/java/io/moderne/devcenter/internal/KotlinLineCounterTest.java,io.moderne.devcenter.internal.KotlinLineCounterTest,scriptsCommentsAndEdges,"io.moderne.devcenter.internal.KotlinLineCounterTest{name=scriptsCommentsAndEdges,return=void,parameters=[]}",1,0,0,26,0,2.0,0,2,0,38.05,1.0,0.0
src/test/java/io/moderne/devcenter/internal/KotlinLineCounterTest.java,io.moderne.devcenter.internal.KotlinLineCounterTest,deeplyNested,"io.moderne.devcenter.internal.KotlinLineCounterTest{name=deeplyNested,return=void,parameters=[]}",3,2,1,12,0,11.58,3,11,2,284.6,13.0,0.08
src/test/java/io/moderne/devcenter/internal/KotlinLineCounterTest.java,io.moderne.devcenter.internal.KotlinLineCounterTest,markerTextIsNotCounted,"io.moderne.devcenter.internal.KotlinLineCounterTest{name=markerTextIsNotCounted,return=void,parameters=[]}",2,1,0,14,0,19.1,2,19,0,468.29,14.11,0.12
src/test/java/io/moderne/devcenter/internal/KotlinLineCounterTest.java,io.moderne.devcenter.internal.KotlinLineCounterTest,assertMatchesSource,"io.moderne.devcenter.internal.KotlinLineCounterTest{name=assertMatchesSource,return=void,parameters=[java.util.function.Function<java.lang.String, java.util.Optional<org.openrewrite.SourceFile>>,int,java.lang.String[]]}",1,0,0,3,3,1.0,0,1,0,38.05,0.5,0.0
src/test/java/io/moderne/devcenter/internal/KotlinLineCounterTest.java,io.moderne.devcenter.internal.KotlinLineCounterTest,kotlin,"io.moderne.devcenter.internal.KotlinLineCounterTest{name=kotlin,return=java.util.function.Function<java.lang.String, java.util.Optional<org.openrewrite.SourceFile>>,parameters=[boolean]}",1,0,0,7,1,7.07,1,7,0,108.05,6.14,0.03
src/test/java/io/moderne/devcenter/internal/LineCountAssertions.java,io.moderne.devcenter.internal.LineCountAssertions,LineCountAssertions,"io.moderne.devcenter.internal.LineCountAssertions{name=<constructor>,return=io.moderne.devcenter.internal.LineCountAssertions,parameters=[]}",1,0,0,2,0,0.0,0,0,0,0.0,0.0,0.0
src/test/java/io/moderne/devcenter/internal/LineCountAssertions.java,io.moderne.devcenter.internal.LineCountAssertions,sanitizedPrint,"io.moderne.devcenter.internal.LineCountAssertions{name=sanitizedPrint,return=java.lang.String,parameters=[org.openrewrite.SourceFile]}",1,0,0,3,1,2.0,0,2,0,31.7,1.75,0.0
src/test/java/io/moderne/devcenter/internal/LineCountAssertions.java,io.moderne.devcenter.internal.LineCountAssertions,printedLines,"io.moderne.devcenter.internal.LineCountAssertions{name=printedLines,return=long,parameters=[java.lang.String]}",3,3,0,4,1,5.1,0,5,1,114.2,6.82,0.03
src/test/java/io/moderne/devcenter/internal/LineCountAssertions.java,io.moderne.devcenter.internal.LineCountAssertions,assertCountMatchesSource,"io.moderne.devcenter.internal.LineCountAssertions{name=assertCountMatchesSource,return=void,parameters=[Generic{T extends org.openrewrite.SourceFile},java.util.function.ToLongFunction<Generic{T extends org.openrewrite.SourceFile}>]}",1,0,0,4,2,6.08,1,6,0,76.0,3.9,0.01
src/test/java/io/moderne/devcenter/internal/LineCountAssertions.java,io.moderne.devcenter.internal.LineCountAssertions,assertMarkersNotCounted,"io.moderne.devcenter.internal.LineCountAssertions{name=assertMarkersNotCounted,return=void,parameters=[org.openrewrite.SourceFile,org.openrewrite.Tree]}",1,0,0,6,2,10.05,1,10,0,153.73,7.38,0.04
src/test/java/io/moderne/devcenter/internal/LineCountAssertions.java,io.moderne.devcenter.internal.LineCountAssertions$MultilineMarker,getId,"io.moderne.devcenter.internal.LineCountAssertions$MultilineMarker{name=getId,return=java.util.UUID,parameters=[]}",1,0,0,4,0,0.0,0,0,0,2.0,0.5,0.0
src/test/java/io/moderne/devcenter/internal/LineCountAssertions.java,io.moderne.devcenter.internal.LineCountAssertions$MultilineMarker,withId,"io.moderne.devcenter.internal.LineCountAssertions$MultilineMarker{name=withId,return=io.moderne.devcenter.internal.LineCountAssertions$MultilineMarker,parameters=[java.util.UUID]}",1,0,0,4,1,1.0,0,1,0,8.0,1.0,0.0
src/test/java/io/moderne/devcenter/internal/LineCountAssertions.java,io.moderne.devcenter.internal.LineCountAssertions$MultilineMarker,print,"io.moderne.devcenter.internal.LineCountAssertions$MultilineMarker{name=print,return=java.lang.String,parameters=[org.openrewrite.Cursor,java.util.function.UnaryOperator<java.lang.String>,boolean]}",1,0,0,4,3,0.0,0,0,0,2.0,0.5,0.0
src/test/java/io/moderne/devcenter/internal/LineCountAssertions.java,io.moderne.devcenter.internal.LineCountAssertions,assertParsedCountsMatchSource,"io.moderne.devcenter.internal.LineCountAssertions{name=assertParsedCountsMatchSource,return=int,parameters=[java.util.function.Function<java.lang.String, java.util.Optional<org.openrewrite.SourceFile>>,java.lang.Class<Generic{T extends org.openrewrite.SourceFile}>,java.util.function.ToLongFunction<Generic{T extends org.openrewrite.SourceFile}>,long,int,java.lang.String[]]}",5,8,3,23,6,16.19,6,15,1,486.87,17.04,0.14
src/test/java/io/moderne/devcenter/internal/LineCountAssertions.java,io.moderne.devcenter.internal.LineCountAssertions,assertMatches,"io.moderne.devcenter.internal.LineCountAssertions{name=assertMatches,return=void,parameters=[org.openrewrite.SourceFile,java.lang.Class<Generic{T extends org.openrewrite.SourceFile}>,java.util.function.ToLongFunction<Generic{T extends org.openrewrite.SourceFile}>,java.lang.String]}",2,2,1,13,4,17.26,3,17,0,343.94,14.19,0.1
src/test/java/io/moderne/devcenter/internal/LineCountAssertions.java,io.moderne.devcenter.internal.LineCountAssertions,variants,"io.moderne.devcenter.internal.LineCountAssertions{name=variants,return=java.util.List<java.lang.String>,parameters=[java.lang.String]}",3,2,1,14,1,13.34,3,13,0,325.48,16.59,0.1
src/test/java/io/moderne/devcenter/internal/LineCountAssertions.java,io.moderne.devcenter.internal.LineCountAssertions,mutate,"io.moderne.devcenter.internal.LineCountAssertions{name=mutate,return=java.lang.String,parameters=[java.lang.String,java.util.Random]}",8,4,2,21,2,24.82,6,24,2,725.12,27.68,0.25
src/test/java/io/moderne/devcenter/internal/LineCountAssertions.java,io.moderne.devcenter.internal.LineCountAssertions,escape,"io.moderne.devcenter.internal.LineCountAssertions{name=escape,return=java.lang.String,parameters=[java.lang.String]}",1,0,0,3,1,2.0,0,2,0,30.0,1.17,0.0
src/test/java/io/moderne/devcenter/internal/LineCountersTest.java,io.moderne.devcenter.internal.LineCountersTest,everySourceFileTypeIsCountedUnlessItHasNoSourceText,"io.moderne.devcenter.internal.LineCountersTest{name=everySourceFileTypeIsCountedUnlessItHasNoSourceText,return=void,parameters=[]}",5,1,1,13,0,17.12,1,16,6,382.85,12.92,0.1
src/test/java/io/moderne/devcenter/internal/LineCountersTest.java,io.moderne.devcenter.internal.LineCountersTest,countsEveryTypeLikeItsSource,"io.moderne.devcenter.internal.LineCountersTest{name=countsEveryTypeLikeItsSource,return=void,parameters=[]}",2,1,1,28,0,57.01,1,57,0,1401.7,17.67,0.28
src/test/java/io/moderne/devcenter/internal/LineCountersTest.java,io.moderne.devcenter.internal.LineCountersTest,parse,"io.moderne.devcenter.internal.LineCountersTest{name=parse,return=void,parameters=[java.util.Map<java.lang.Class<Generic{?}>, org.openrewrite.SourceFile>,org.openrewrite.Parser,java.lang.String]}",1,0,0,4,3,5.1,1,5,0,66.42,3.0,0.01
src/test/java/io/moderne/devcenter/internal/PlainTextLineCounterTest.java,io.moderne.devcenter.internal.PlainTextLineCounterTest,plainTextMatchesSource,"io.moderne.devcenter.internal.PlainTextLineCounterTest{name=plainTextMatchesSource,return=void,parameters=[]}",1,0,0,13,0,5.0,0,5,0,120.74,3.16,0.02
src/test/java/io/moderne/devcenter/internal/PlainTextLineCounterTest.java,io.moderne.devcenter.internal.PlainTextLineCounterTest,textMatchesSource,"io.moderne.devcenter.internal.PlainTextLineCounterTest{name=textMatchesSource,return=void,parameters=[java.lang.String]}",1,0,0,5,1,2.0,0,2,0,19.65,1.0,0.0
src/test/java/io/moderne/devcenter/internal/PlainTextLineCounterTest.java,io.moderne.devcenter.internal.PlainTextLineCounterTest,snippetsMatchSource,"io.moderne.devcenter.internal.PlainTextLineCounterTest{name=snippetsMatchSource,return=void,parameters=[]}",2,1,1,17,0,21.02,1,21,0,448.01,13.33,0.11
src/test/java/io/moderne/devcenter/internal/PlainTextLineCounterTest.java,io.moderne.devcenter.internal.PlainTextLineCounterTest,markersAreNotCounted,"io.moderne.devcenter.internal.PlainTextLineCounterTest{name=markersAreNotCounted,return=void,parameters=[]}",1,0,0,11,0,21.1,2,21,0,396.12,12.31,0.1
src/test/java/io/moderne/devcenter/internal/PlainTextLineCounterTest.java,io.moderne.devcenter.internal.PlainTextLineCounterTest,parseErrorCountsItsText,"io.moderne.devcenter.internal.PlainTextLineCounterTest{name=parseErrorCountsItsText,return=void,parameters=[]}",2,1,1,8,0,10.05,1,10,0,217.14,8.2,0.05
src/test/java/io/moderne/devcenter/internal/PlainTextLineCounterTest.java,io.moderne.devcenter.internal.PlainTextLineCounterTest,plainText,"io.moderne.devcenter.internal.PlainTextLineCounterTest{name=plainText,return=org.openrewrite.text.PlainText,parameters=[java.lang.String]}",1,0,0,3,1,5.0,0,5,0,57.11,3.38,0.01
src/test/java/io/moderne/devcenter/internal/PropertiesLineCounterTest.java,io.moderne.devcenter.internal.PropertiesLineCounterTest,propertiesMatchSource,"io.moderne.devcenter.internal.PropertiesLineCounterTest{name=propertiesMatchSource,return=void,parameters=[]}",1,0,0,27,0,1.0,0,1,0,69.49,0.5,0.0
src/test/java/io/moderne/devcenter/internal/PropertiesLineCounterTest.java,io.moderne.devcenter.internal.PropertiesLineCounterTest,markersAreNotCounted,"io.moderne.devcenter.internal.PropertiesLineCounterTest{name=markersAreNotCounted,return=void,parameters=[]}",1,0,0,18,0,16.12,2,16,0,436.36,11.62,0.1
src/test/java/io/moderne/devcenter/internal/PropertiesLineCounterTest.java,io.moderne.devcenter.internal.PropertiesLineCounterTest,parse,"io.moderne.devcenter.internal.PropertiesLineCounterTest{name=parse,return=java.util.Optional<org.openrewrite.SourceFile>,parameters=[java.lang.String]}",1,0,0,3,1,4.0,0,4,0,38.05,2.5,0.01
src/test/java/io/moderne/devcenter/internal/ProtoLineCounterTest.java,io.moderne.devcenter.internal.ProtoLineCounterTest,protoMatchesSource,"io.moderne.devcenter.internal.ProtoLineCounterTest{name=protoMatchesSource,return=void,parameters=[]}",1,0,0,64,0,5.0,0,5,0,108.57,3.18,0.02
src/test/java/io/moderne/devcenter/internal/ProtoLineCounterTest.java,io.moderne.devcenter.internal.ProtoLineCounterTest,markersAreNotCounted,"io.moderne.devcenter.internal.ProtoLineCounterTest{name=markersAreNotCounted,return=void,parameters=[]}",1,0,0,18,0,20.02,1,20,0,482.16,14.17,0.12
src/test/java/io/moderne/devcenter/internal/ResolvedDependencyVersionsTest.java,io.moderne.devcenter.internal.ResolvedDependencyVersionsTest,sameVersionsAsWalkingEachRootSeparately,"io.moderne.devcenter.internal.ResolvedDependencyVersionsTest{name=sameVersionsAsWalkingEachRootSeparately,return=void,parameters=[]}",3,3,2,11,0,7.68,3,7,1,211.0,9.26,0.05
src/test/java/io/moderne/devcenter/internal/ResolvedDependencyVersionsTest.java,io.moderne.devcenter.internal.ResolvedDependencyVersionsTest,cycles,"io.moderne.devcenter.internal.ResolvedDependencyVersionsTest{name=cycles,return=void,parameters=[]}",1,0,0,13,0,15.52,4,15,0,330.62,11.08,0.08
src/test/java/io/moderne/devcenter/internal/ResolvedDependencyVersionsTest.java,io.moderne.devcenter.internal.ResolvedDependencyVersionsTest,excludedDependenciesAreNotFound,"io.moderne.devcenter.internal.ResolvedDependencyVersionsTest{name=excludedDependenciesAreNotFound,return=void,parameters=[]}",1,0,0,18,0,28.16,3,28,0,547.45,17.77,0.15
src/test/java/io/moderne/devcenter/internal/ResolvedDependencyVersionsTest.java,io.moderne.devcenter.internal.ResolvedDependencyVersionsTest,walksSharedSubtreesOnce,"io.moderne.devcenter.internal.ResolvedDependencyVersionsTest{name=walksSharedSubtreesOnce,return=void,parameters=[]}",4,3,1,34,0,25.18,7,24,3,740.75,25.46,0.24
src/test/java/io/moderne/devcenter/internal/ResolvedDependencyVersionsTest.java,io.moderne.devcenter.internal.ResolvedDependencyVersionsTest,versionsPerRoot,"io.moderne.devcenter.internal.ResolvedDependencyVersionsTest{name=versionsPerRoot,return=java.util.Set<java.lang.String>,parameters=[org.openrewrite.gradle.marker.GradleProject,java.lang.String,java.lang.String]}",4,6,3,11,3,6.08,1,6,0,153.25,5.41,0.03
src/test/java/io/moderne/devcenter/internal/ResolvedDependencyVersionsTest.java,io.moderne.devcenter.internal.ResolvedDependencyVersionsTest,randomProject,"io.moderne.devcenter.internal.ResolvedDependencyVersionsTest{name=randomProject,return=org.openrewrite.gradle.marker.GradleProject,parameters=[java.util.Random]}",10,17,3,32,1,30.23,11,27,8,1080.96,33.12,0.36
src/test/java/io/moderne/devcenter/internal/ResolvedDependencyVersionsTest.java,io.moderne.devcenter.internal.ResolvedDependencyVersionsTest,project,"io.moderne.devcenter.internal.ResolvedDependencyVersionsTest{name=project,return=org.openrewrite.gradle.marker.GradleProject,parameters=[java.util.List<org.openrewrite.maven.tree.ResolvedDependency>[]]}",1,0,0,4,1,2.0,0,2,0,19.65,1.5,0.0
src/test/java/io/moderne/devcenter/internal/ResolvedDependencyVersionsTest.java,io.moderne.devcenter.internal.ResolvedDependencyVersionsTest,projectWithConfigurations,"io.moderne.devcenter.internal.ResolvedDependencyVersionsTest{name=projectWithConfigurations,return=org.openrewrite.gradle.marker.GradleProject,parameters=[java.util.List<java.util.List<org.openrewrite.maven.tree.ResolvedDependency>>]}",2,1,1,13,1,14.14,2,14,0,254.37,11.55,0.07
src/test/java/io/moderne/devcenter/internal/ResolvedDependencyVersionsTest.java,io.moderne.devcenter.internal.ResolvedDependencyVersionsTest,dependency,"io.moderne.devcenter.internal.ResolvedDependencyVersionsTest{name=dependency,return=org.openrewrite.maven.tree.ResolvedDependency,parameters=[java.lang.String,java.lang.String,java.lang.String,java.util.List<org.openrewrite.maven.tree.ResolvedDependency>]}",1,0,0,8,4,10.0,0,10,0,138.3,5.65,0.03
src/test/java/io/moderne/devcenter/internal/ResolvedDependencyVersionsTest.java,io.moderne.devcenter.internal.ResolvedDependencyVersionsTest,withMarker,"io.moderne.devcenter.internal.ResolvedDependencyVersionsTest{name=withMarker,return=org.openrewrite.SourceFile,parameters=[org.openrewrite.gradle.marker.GradleProject]}",1,0,0,7,1,8.0,0,8,0,103.73,4.04,0.02
src/test/java/io/moderne/devcenter/internal/RubyLineCounterTest.java,io.moderne.devcenter.internal.RubyLineCounterTest,heredocs,"io.moderne.devcenter.internal.RubyLineCounterTest{name=heredocs,return=void,parameters=[]}",1,0,0,13,0,1.0,0,1,0,33.22,0.5,0.0
src/test/java/io/moderne/devcenter/internal/RubyLineCounterTest.java,io.moderne.devcenter.internal.RubyLineCounterTest,commentsAndData,"io.moderne.devcenter.internal.RubyLineCounterTest{name=commentsAndData,return=void,parameters=[]}",1,0,0,11,0,1.0,0,1,0,24.0,0.5,0.0
src/test/java/io/moderne/devcenter/internal/RubyLineCounterTest.java,io.moderne.devcenter.internal.RubyLineCounterTest,stringsAndLiterals,"io.moderne.devcenter.internal.RubyLineCounterTest{name=stringsAndLiterals,return=void,parameters=[]}",1,0,0,11,0,1.0,0,1,0,24.0,0.5,0.0
src/test/java/io/moderne/devcenter/internal/RubyLineCounterTest.java,io.moderne.devcenter.internal.RubyLineCounterTest,blocksAndChains,"io.moderne.devcenter.internal.RubyLineCounterTest{name=blocksAndChains,return=void,parameters=[]}",1,0,0,10,0,1.0,0,1,0,19.65,0.5,0.0
src/test/java/io/moderne/devcenter/internal/RubyLineCounterTest.java,io.moderne.devcenter.internal.RubyLineCounterTest,controlFlow,"io.moderne.devcenter.internal.RubyLineCounterTest{name=controlFlow,return=void,parameters=[]}",1,0,0,11,0,1.0,0,1,0,24.0,0.5,0.0
src/test/java/io/moderne/devcenter/internal/RubyLineCounterTest.java,io.moderne.devcenter.internal.RubyLineCounterTest,definitions,"io.moderne.devcenter.internal.RubyLineCounterTest{name=definitions,return=void,parameters=[]}",1,0,0,9,0,2.0,0,2,0,24.0,1.0,0.0
src/test/java/io/moderne/devcenter/internal/RubyLineCounterTest.java,io.moderne.devcenter.internal.RubyLineCounterTest,edgeCases,"io.moderne.devcenter.internal.RubyLineCounterTest{name=edgeCases,return=void,parameters=[]}",1,0,0,12,0,1.0,0,1,0,28.53,0.5,0.0
src/test/java/io/moderne/devcenter/internal/RubyLineCounterTest.java,io.moderne.devcenter.internal.RubyLineCounterTest,markerTextIsNotCounted,"io.moderne.devcenter.internal.RubyLineCounterTest{name=markerTextIsNotCounted,return=void,parameters=[]}",1,0,0,12,0,15.13,2,15,0,350.5,9.6,0.07
src/test/java/io/moderne/devcenter/internal/RubyLineCounterTest.java,io.moderne.devcenter.internal.RubyLineCounterTest,assertMatchesSource,"io.moderne.devcenter.internal.RubyLineCounterTest{name=assertMatchesSource,return=void,parameters=[java.lang.String[]]}",1,0,0,4,1,1.0,0,1,0,43.02,0.5,0.0
src/test/java/io/moderne/devcenter/internal/RubyLineCounterTest.java,io.moderne.devcenter.internal.RubyLineCounterTest,deeplyNested,"io.moderne.devcenter.internal.RubyLineCounterTest{name=deeplyNested,return=java.lang.String,parameters=[int]}",3,2,1,12,1,21.31,3,21,2,413.43,18.44,0.13
src/test/java/io/moderne/devcenter/internal/RubyLineCounterTest.java,io.moderne.devcenter.internal.RubyLineCounterTest,parseOptional,"io.moderne.devcenter.internal.RubyLineCounterTest{name=parseOptional,return=java.util.Optional<org.openrewrite.SourceFile>,parameters=[java.lang.String]}",1,0,0,3,1,4.0,0,4,0,38.05,2.5,0.01
src/test/java/io/moderne/devcenter/internal/RubyLineCounterTest.java,io.moderne.devcenter.internal.RubyLineCounterTest,parse,"io.moderne.devcenter.internal.RubyLineCounterTest{name=parse,return=org.openrewrite.ruby.tree.Rb$CompilationUnit,parameters=[java.lang.String]}",1,0,0,3,1,2.0,0,2,0,28.53,2.0,0.0
src/test/java/io/moderne/devcenter/internal/ScalaLineCounterTest.java,io.moderne.devcenter.internal.ScalaLineCounterTest,scalaMatchesSource,"io.moderne.devcenter.internal.ScalaLineCounterTest{name=scalaMatchesSource,return=void,parameters=[]}",1,0,0,5,0,3.0,0,3,0,84.96,2.13,0.01
src/test/java/io/moderne/devcenter/internal/ScalaLineCounterTest.java,io.moderne.devcenter.internal.ScalaLineCounterTest,markerTextIsNotCounted,"io.moderne.devcenter.internal.ScalaLineCounterTest{name=markerTextIsNotCounted,return=void,parameters=[]}",1,0,0,19,0,16.28,3,16,0,485.37,12.83,0.11
src/test/java/io/moderne/devcenter/internal/ScalaLineCounterTest.java,io.moderne.devcenter.internal.ScalaLineCounterTest,parse,"io.moderne.devcenter.internal.ScalaLineCounterTest{name=parse,return=java.util.Optional<org.openrewrite.SourceFile>,parameters=[java.lang.String]}",1,0,0,3,1,4.0,0,4,0,38.05,2.5,0.01
src/test/java/io/moderne/devcenter/internal/TomlLineCounterTest.java,io.moderne.devcenter.internal.TomlLineCounterTest,countsMatchSource,"io.moderne.devcenter.internal.TomlLineCounterTest{name=countsMatchSource,return=void,parameters=[]}",1,0,0,71,0,1.0,0,1,0,80.71,0.5,0.0
src/test/java/io/moderne/devcenter/internal/TomlLineCounterTest.java,io.moderne.devcenter.internal.TomlLineCounterTest,markersAreNotCounted,"io.moderne.devcenter.internal.TomlLineCounterTest{name=markersAreNotCounted,return=void,parameters=[]}",2,1,0,13,0,20.1,2,20,0,474.07,14.35,0.12
src/test/java/io/moderne/devcenter/internal/TomlLineCounterTest.java,io.moderne.devcenter.internal.TomlLineCounterTest,parse,"io.moderne.devcenter.internal.TomlLineCounterTest{name=parse,return=java.util.Optional<org.openrewrite.SourceFile>,parameters=[java.lang.String]}",1,0,0,3,1,4.0,0,4,0,38.05,2.5,0.01
src/test/java/io/moderne/devcenter/internal/XmlLineCounterTest.java,io.moderne.devcenter.internal.XmlLineCounterTest,xmlMatchesSource,"io.moderne.devcenter.internal.XmlLineCounterTest{name=xmlMatchesSource,return=void,parameters=[]}",1,0,0,55,0,3.0,0,3,0,92.24,1.5,0.01
src/test/java/io/moderne/devcenter/internal/XmlLineCounterTest.java,io.moderne.devcenter.internal.XmlLineCounterTest,htmlAndJspMatchSource,"io.moderne.devcenter.internal.XmlLineCounterTest{name=htmlAndJspMatchSource,return=void,parameters=[]}",1,0,0,21,0,2.0,0,2,0,48.11,1.0,0.0
src/test/java/io/moderne/devcenter/internal/XmlLineCounterTest.java,io.moderne.devcenter.internal.XmlLineCounterTest,markersAreNotCounted,"io.moderne.devcenter.internal.XmlLineCounterTest{name=markersAreNotCounted,return=void,parameters=[]}",1,0,0,18,0,18.11,2,18,0,479.73,13.5,0.12
src/test/java/io/moderne/devcenter/internal/XmlLineCounterTest.java,io.moderne.devcenter.internal.XmlLineCounterTest,parser,"io.moderne.devcenter.internal.XmlLineCounterTest{name=parser,return=java.util.function.Function<java.lang.String, java.util.Optional<org.openrewrite.SourceFile>>,parameters=[java.lang.String]}",1,0,0,5,1,8.0,0,8,0,123.79,5.1,0.02
src/test/java/io/moderne/devcenter/internal/XmlLineCounterTest.java,io.moderne.devcenter.internal.XmlLineCounterTest,nested,"io.moderne.devcenter.internal.XmlLineCounterTest{name=nested,return=java.lang.String,parameters=[int]}",3,2,1,10,1,14.46,3,14,2,300.83,15.4,0.09
src/test/java/io/moderne/devcenter/internal/YamlLineCounterTest.java,io.moderne.devcenter.internal.YamlLineCounterTest,countsMatchSource,"io.moderne.devcenter.internal.YamlLineCounterTest{name=countsMatchSource,return=void,parameters=[]}",1,0,0,124,0,1.0,0,1,0,110.04,0.5,0.0
src/test/java/io/moderne/devcenter/internal/YamlLineCounterTest.java,io.moderne.devcenter.internal.YamlLineCounterTest,markersAreNotCounted,"io.moderne.devcenter.internal.YamlLineCounterTest{name=markersAreNotCounted,return=void,parameters=[]}",2,1,0,13,0,20.1,2,20,0,474.07,14.35,0.12
src/test/java/io/moderne/devcenter/internal/YamlLineCounterTest.java,io.moderne.devcenter.internal.YamlLineCounterTest,parse,"io.moderne.devcenter.internal.YamlLineCounterTest{name=parse,return=java.util.Optional<org.openrewrite.SourceFile>,parameters=[java.lang.String]}",1,0,0,3,1,4.0,0,4,0,38.05,2.5,0.01
src/test/java/io/moderne/devcenter/result/DevCenterResultReducerTest.java,io.moderne.devcenter.result.DevCenterResultReducerTest,upgradesAndSecurityIssues,"io.moderne.devcenter.result.DevCenterResultReducerTest{name=upgradesAndSecurityIssues,return=void,parameters=[]}",1,0,0,21,0,18.25,3,18,0,323.54,10.25,0.07
src/test/java/io/moderne/devcenter/result/DevCenterResultReducerTest.java,io.moderne.devcenter.result.DevCenterResultReducerTest,emptyDataTable,"io.moderne.devcenter.result.DevCenterResultReducerTest{name=emptyDataTable,return=void,parameters=[]}",1,0,0,11,0,7.07,1,7,0,94.01,4.36,0.02
src/test/java/io/moderne/devcenter/result/DevCenterResultReducerTest.java,io.moderne.devcenter.result.DevCenterResultReducerTest,duplicateRowsForOneRepoCountAsOneRepo,"io.moderne.devcenter.result.DevCenterResultReducerTest{name=duplicateRowsForOneRepoCountAsOneRepo,return=void,parameters=[]}",1,0,0,20,0,10.05,1,10,0,185.44,5.89,0.04
src/test/java/io/moderne/devcenter/result/DevCenterResultReducerTest.java,io.moderne.devcenter.result.DevCenterResultReducerTest,emptySecurity,"io.moderne.devcenter.result.DevCenterResultReducerTest{name=emptySecurity,return=void,parameters=[]}",1,0,0,14,0,12.04,1,12,0,186.64,6.25,0.04
src/test/java/io/moderne/devcenter/result/DevCenterResultReducerTest.java,io.moderne.devcenter.result.DevCenterResultReducerTest,hasSecurityResults,"io.moderne.devcenter.result.DevCenterResultReducerTest{name=hasSecurityResults,return=void,parameters=[io.moderne.devcenter.result.DevCenterResult]}",1,0,0,6,1,7.0,0,7,0,94.01,4.09,0.02
src/test/java/io/moderne/devcenter/result/DevCenterResultReducerTest.java,io.moderne.devcenter.result.DevCenterResultReducerTest,hasSpringBoot35Results,"io.moderne.devcenter.result.DevCenterResultReducerTest{name=hasSpringBoot35Results,return=void,parameters=[io.moderne.devcenter.result.DevCenterResult]}",3,0,0,10,1,7.0,0,7,0,170.03,6.05,0.03
src/test/java/io/moderne/devcenter/table/UpgradesAndMigrationsTest.java,io.moderne.devcenter.table.UpgradesAndMigrationsTest,singleRowPerCardKeepsWorstOrdinal,"io.moderne.devcenter.table.UpgradesAndMigrationsTest{name=singleRowPerCardKeepsWorstOrdinal,return=void,parameters=[]}",1,0,0,16,0,20.0,0,20,0,439.35,10.0,0.09
src/test/java/io/moderne/devcenter/table/UpgradesAndMigrationsTest.java,io.moderne.devcenter.table.UpgradesAndMigrationsTest,leastOrdinalRetained,"io.moderne.devcenter.table.UpgradesAndMigrationsTest{name=leastOrdinalRetained,return=void,parameters=[]}",1,0,0,14,0,16.0,0,16,0,335.28,9.21,0.07
src/test/java/io/moderne/devcenter/table/UpgradesAndMigrationsTest.java,io.moderne.devcenter.table.UpgradesAndMigrationsTest,leastVersionRetainedAtSameOrdinal,"io.moderne.devcenter.table.UpgradesAndMigrationsTest{name=leastVersionRetainedAtSameOrdinal,return=void,parameters=[]}",1,0,0,14,0,16.0,0,16,0,335.28,9.21,0.07
src/test/java/io/moderne/devcenter/table/UpgradesAndMigrationsTest.java,io.moderne.devcenter.table.UpgradesAndMigrationsTest,nullVersionDoesNotCauseNpe,"io.moderne.devcenter.table.UpgradesAndMigrationsTest{name=nullVersionDoesNotCauseNpe,return=void,parameters=[]}",1,0,0,7,0,7.28,2,7,0,131.69,4.29,0.02
src/test/java/io/moderne/devcenter/table/UpgradesAndMigrationsTest.java,io.moderne.devcenter.table.UpgradesAndMigrationsTest,pom,"io.moderne.devcenter.table.UpgradesAndMigrationsTest{name=pom,return=java.lang.String,parameters=[java.lang.String]}",1,0,0,14,1,1.0,0,1,0,11.61,1.0,0.0
src/test/java/io/moderne/devcenter/table/UpgradesAndMigrationsTest.java,io.moderne.devcenter.table.UpgradesAndMigrationsTest,pairPom,"io.moderne.devcenter.table.UpgradesAndMigrationsTest{name=pairPom,return=java.lang.String,parameters=[java.lang.String,java.lang.String]}",1,0,0,21,2,1.0,0,1,0,15.51,1.0,0.0
